,Time,DriverNumber,LapTime,LapNumber,Stint,PitOutTime,PitInTime,Sector1Time,Sector2Time,Sector3Time,Sector1SessionTime,Sector2SessionTime,Sector3SessionTime,SpeedI1,SpeedI2,SpeedFL,SpeedST,Compound,TyreLife,FreshTyre,LapStartTime,Team,Driver,TrackStatus,IsAccurate,LapStartDate
0,0 days 00:21:18.434000,33,,1,1,,,,,,,,,,,,192.0,,,,,Red Bull,VER,1,False,
1,0 days 00:24:04.661000,33,,2,1,0 days 00:21:18.434000,,,0 days 00:01:24.332000,0 days 00:00:45.317000,,0 days 00:23:19.344000,0 days 00:24:04.943000,135.0,132.0,293.0,,SOFT,2.0,True,0 days 00:21:18.434000,Red Bull,VER,1,False,2021-03-27 15:06:18.819
2,0 days 00:25:35.160000,33,0 days 00:01:30.499000,3,1,,,0 days 00:00:28.807000,0 days 00:00:38.980000,0 days 00:00:22.712000,0 days 00:24:33.468000,0 days 00:25:12.448000,0 days 00:25:35.160000,244.0,269.0,290.0,313.0,SOFT,3.0,True,0 days 00:24:04.661000,Red Bull,VER,1,True,2021-03-27 15:09:05.046
3,0 days 00:27:25.520000,33,0 days 00:01:50.360000,4,2,,0 days 00:27:23.844000,0 days 00:00:34.462000,0 days 00:00:43.825000,0 days 00:00:32.073000,0 days 00:26:09.622000,0 days 00:26:53.447000,0 days 00:27:25.520000,218.0,216.0,,215.0,SOFT,1.0,True,0 days 00:25:35.160000,Red Bull,VER,1,False,2021-03-27 15:10:35.545
4,0 days 00:44:22.361000,33,,5,2,0 days 00:42:21.384000,,,0 days 00:00:54.163000,0 days 00:00:28.730000,,0 days 00:43:53.643000,0 days 00:44:22.373000,161.0,195.0,288.0,151.0,MEDIUM,2.0,True,0 days 00:27:25.520000,Red Bull,VER,2,False,2021-03-27 15:12:25.905
5,0 days 00:45:52.679000,33,0 days 00:01:30.318000,6,2,,,0 days 00:00:28.964000,0 days 00:00:38.858000,0 days 00:00:22.496000,0 days 00:44:51.325000,0 days 00:45:30.183000,0 days 00:45:52.679000,245.0,270.0,287.0,308.0,MEDIUM,3.0,True,0 days 00:44:22.361000,Red Bull,VER,1,True,2021-03-27 15:29:22.746
6,0 days 00:47:48.354000,33,0 days 00:01:55.675000,7,3,,0 days 00:47:46.372000,0 days 00:00:36.873000,0 days 00:00:48.615000,0 days 00:00:30.187000,0 days 00:46:29.552000,0 days 00:47:18.167000,0 days 00:47:48.354000,203.0,202.0,,215.0,MEDIUM,1.0,True,0 days 00:45:52.679000,Red Bull,VER,1,False,2021-03-27 15:30:53.064
7,0 days 00:54:02.907000,33,,8,3,0 days 00:51:22.418000,,,0 days 00:01:16.592000,0 days 00:00:39.610000,,0 days 00:53:23.325000,0 days 00:54:02.929000,110.0,88.0,289.0,116.0,SOFT,,True,0 days 00:47:48.354000,Red Bull,VER,1,False,2021-03-27 15:32:48.739
8,0 days 00:55:34.727000,33,0 days 00:01:31.820000,9,3,,,0 days 00:00:28.496000,0 days 00:00:38.458000,0 days 00:00:24.866000,0 days 00:54:31.403000,0 days 00:55:09.861000,0 days 00:55:34.727000,244.0,269.0,136.0,311.0,SOFT,,True,0 days 00:54:02.907000,Red Bull,VER,1,True,2021-03-27 15:39:03.292
9,0 days 00:57:30.777000,33,0 days 00:01:56.050000,10,4,,0 days 00:57:28.945000,0 days 00:00:37.778000,0 days 00:00:46.035000,0 days 00:00:32.237000,0 days 00:56:12.505000,0 days 00:56:58.540000,0 days 00:57:30.777000,212.0,195.0,,180.0,SOFT,,True,0 days 00:55:34.727000,Red Bull,VER,1,False,2021-03-27 15:40:35.112
10,0 days 01:06:19.593000,33,,11,4,0 days 01:04:02.343000,,,0 days 00:01:03.203000,0 days 00:00:35.064000,,0 days 01:05:44.544000,0 days 01:06:19.609000,118.0,166.0,289.0,,SOFT,2.0,True,0 days 00:57:30.777000,Red Bull,VER,1,False,2021-03-27 15:42:31.162
11,0 days 01:07:49.119000,33,0 days 00:01:29.526000,12,4,,,0 days 00:00:28.515000,0 days 00:00:38.430000,0 days 00:00:22.581000,0 days 01:06:48.108000,0 days 01:07:26.538000,0 days 01:07:49.119000,244.0,270.0,288.0,310.0,SOFT,3.0,True,0 days 01:06:19.593000,Red Bull,VER,1,True,2021-03-27 15:51:19.978
12,0 days 01:09:33.672000,33,0 days 00:01:44.553000,13,5,,0 days 01:09:31.884000,0 days 00:00:33.030000,0 days 00:00:43.648000,0 days 00:00:27.875000,0 days 01:08:22.149000,0 days 01:09:05.797000,0 days 01:09:33.672000,216.0,240.0,,220.0,SOFT,1.0,True,0 days 01:07:49.119000,Red Bull,VER,1,False,2021-03-27 15:52:49.504
13,0 days 01:14:07.081000,33,,14,5,0 days 01:11:56.356000,,,0 days 00:00:54.195000,0 days 00:00:39.517000,,0 days 01:13:27.588000,0 days 01:14:07.165000,173.0,160.0,291.0,123.0,SOFT,2.0,True,0 days 01:09:33.672000,Red Bull,VER,1,False,2021-03-27 15:54:34.057
14,0 days 01:15:36.078000,33,0 days 00:01:28.997000,15,5,,,0 days 00:00:28.349000,0 days 00:00:38.229000,0 days 00:00:22.419000,0 days 01:14:35.430000,0 days 01:15:13.659000,0 days 01:15:36.078000,246.0,270.0,284.0,311.0,SOFT,3.0,True,0 days 01:14:07.081000,Red Bull,VER,1,True,2021-03-27 15:59:07.466
15,0 days 01:17:38.090000,33,0 days 00:02:02.012000,16,5,,0 days 01:17:32.300000,0 days 00:00:36.339000,0 days 00:00:47.774000,0 days 00:00:37.899000,0 days 01:16:12.417000,0 days 01:17:00.191000,0 days 01:17:38.090000,158.0,186.0,,213.0,SOFT,4.0,True,0 days 01:15:36.078000,Red Bull,VER,1,False,2021-03-27 16:00:36.463
16,0 days 00:23:18.180000,44,,1,1,0 days 00:20:46.941000,,,0 days 00:01:08.093000,0 days 00:00:41.273000,,0 days 00:22:36.917000,0 days 00:23:18.425000,140.0,132.0,289.0,124.0,SOFT,,True,,Mercedes,HAM,1,False,
17,0 days 00:24:48.797000,44,0 days 00:01:30.617000,2,1,,,0 days 00:00:28.781000,0 days 00:00:39.047000,0 days 00:00:22.789000,0 days 00:23:46.961000,0 days 00:24:26.008000,0 days 00:24:48.797000,245.0,267.0,289.0,309.0,SOFT,,True,0 days 00:23:18.180000,Mercedes,HAM,1,True,2021-03-27 15:08:18.565
18,0 days 00:26:37.175000,44,0 days 00:01:48.378000,3,2,,0 days 00:26:35.359000,0 days 00:00:34.320000,0 days 00:00:45.324000,0 days 00:00:28.734000,0 days 00:25:23.117000,0 days 00:26:08.441000,0 days 00:26:37.175000,212.0,233.0,,259.0,SOFT,,True,0 days 00:24:48.797000,Mercedes,HAM,1,False,2021-03-27 15:09:49.182
19,0 days 00:32:40.267000,44,,4,2,0 days 00:29:56.804000,,,0 days 00:01:13.585000,0 days 00:00:46.371000,,0 days 00:31:53.972000,0 days 00:32:40.500000,132.0,120.0,289.0,113.0,SOFT,5.0,False,0 days 00:26:37.175000,Mercedes,HAM,1,False,2021-03-27 15:11:37.560
20,0 days 00:34:12.255000,44,0 days 00:01:31.988000,5,2,,,0 days 00:00:28.956000,0 days 00:00:39.339000,0 days 00:00:23.693000,0 days 00:33:09.223000,0 days 00:33:48.562000,0 days 00:34:12.255000,243.0,267.0,268.0,314.0,SOFT,6.0,False,0 days 00:32:40.267000,Mercedes,HAM,2,True,2021-03-27 15:17:40.652
21,0 days 00:35:53.096000,44,0 days 00:01:40.841000,6,3,,0 days 00:35:51.338000,0 days 00:00:31.789000,0 days 00:00:43.093000,0 days 00:00:25.959000,0 days 00:34:44.044000,0 days 00:35:27.137000,0 days 00:35:53.096000,193.0,253.0,,287.0,SOFT,4.0,False,0 days 00:34:12.255000,Mercedes,HAM,1,False,2021-03-27 15:19:12.640
22,0 days 00:44:29.351000,44,,7,3,0 days 00:42:19.678000,,,0 days 00:00:54.804000,0 days 00:00:36.038000,,0 days 00:43:53.352000,0 days 00:44:29.407000,160.0,194.0,290.0,135.0,MEDIUM,2.0,True,0 days 00:35:53.096000,Mercedes,HAM,1,False,2021-03-27 15:20:53.481
23,0 days 00:45:59.436000,44,0 days 00:01:30.085000,8,3,,,0 days 00:00:28.862000,0 days 00:00:38.801000,0 days 00:00:22.422000,0 days 00:44:58.213000,0 days 00:45:37.014000,0 days 00:45:59.436000,243.0,269.0,291.0,314.0,MEDIUM,3.0,True,0 days 00:44:29.351000,Mercedes,HAM,1,True,2021-03-27 15:29:29.736
24,0 days 00:47:55.759000,44,0 days 00:01:56.323000,9,4,,0 days 00:47:53.874000,0 days 00:00:35.046000,0 days 00:00:51.791000,0 days 00:00:29.486000,0 days 00:46:34.482000,0 days 00:47:26.273000,0 days 00:47:55.759000,176.0,200.0,,288.0,MEDIUM,1.0,True,0 days 00:45:59.436000,Mercedes,HAM,1,False,2021-03-27 15:30:59.821
25,0 days 00:53:22.990000,44,,10,4,0 days 00:51:08.589000,,,0 days 00:00:56.955000,0 days 00:00:38.547000,,0 days 00:52:44.453000,0 days 00:53:23.016000,150.0,164.0,288.0,156.0,MEDIUM,2.0,True,0 days 00:47:55.759000,Mercedes,HAM,1,False,2021-03-27 15:32:56.144
26,0 days 00:54:53.114000,44,0 days 00:01:30.124000,11,4,,,0 days 00:00:28.606000,0 days 00:00:38.713000,0 days 00:00:22.805000,0 days 00:53:51.596000,0 days 00:54:30.309000,0 days 00:54:53.114000,244.0,269.0,289.0,313.0,MEDIUM,3.0,True,0 days 00:53:22.990000,Mercedes,HAM,1,True,2021-03-27 15:38:23.375
27,0 days 00:56:39.314000,44,0 days 00:01:46.200000,12,5,,0 days 00:56:37.529000,0 days 00:00:32.867000,0 days 00:00:45.243000,0 days 00:00:28.090000,0 days 00:55:25.981000,0 days 00:56:11.224000,0 days 00:56:39.314000,223.0,231.0,,278.0,MEDIUM,1.0,True,0 days 00:54:53.114000,Mercedes,HAM,1,False,2021-03-27 15:39:53.499
28,0 days 01:06:06.695000,44,,13,5,0 days 01:03:43.689000,,,0 days 00:00:58.671000,0 days 00:00:40.809000,,0 days 01:05:25.886000,0 days 01:06:06.740000,151.0,131.0,290.0,125.0,SOFT,2.0,True,0 days 00:56:39.314000,Mercedes,HAM,1,False,2021-03-27 15:41:39.699
29,0 days 01:07:36.244000,44,0 days 00:01:29.549000,14,5,,,0 days 00:00:28.447000,0 days 00:00:38.457000,0 days 00:00:22.645000,0 days 01:06:35.142000,0 days 01:07:13.599000,0 days 01:07:36.244000,244.0,267.0,291.0,312.0,SOFT,3.0,True,0 days 01:06:06.695000,Mercedes,HAM,1,True,2021-03-27 15:51:07.080
30,0 days 01:09:22.374000,44,0 days 00:01:46.130000,15,6,,0 days 01:09:20.533000,0 days 00:00:33.280000,0 days 00:00:44.735000,0 days 00:00:28.115000,0 days 01:08:09.524000,0 days 01:08:54.259000,0 days 01:09:22.374000,218.0,238.0,,278.0,SOFT,1.0,True,0 days 01:07:36.244000,Mercedes,HAM,1,False,2021-03-27 15:52:36.629
31,0 days 01:13:56.529000,44,,16,6,0 days 01:11:45.633000,,,0 days 00:00:58.071000,0 days 00:00:34.218000,,0 days 01:13:22.317000,0 days 01:13:56.586000,170.0,172.0,291.0,144.0,SOFT,2.0,True,0 days 01:09:22.374000,Mercedes,HAM,1,False,2021-03-27 15:54:22.759
32,0 days 01:15:25.914000,44,0 days 00:01:29.385000,17,6,,,0 days 00:00:28.372000,0 days 00:00:38.536000,0 days 00:00:22.477000,0 days 01:14:24.901000,0 days 01:15:03.437000,0 days 01:15:25.914000,244.0,267.0,290.0,311.0,SOFT,3.0,True,0 days 01:13:56.529000,Mercedes,HAM,1,True,2021-03-27 15:58:56.914
33,0 days 01:17:28.176000,44,0 days 00:02:02.262000,18,6,,0 days 01:17:21.551000,0 days 00:00:38.952000,0 days 00:00:46.185000,0 days 00:00:37.125000,0 days 01:16:04.866000,0 days 01:16:51.051000,0 days 01:17:28.176000,159.0,196.0,,199.0,SOFT,4.0,True,0 days 01:15:25.914000,Mercedes,HAM,1,False,2021-03-27 16:00:26.299
34,0 days 00:24:12.985000,10,,1,1,0 days 00:21:38.187000,,,0 days 00:01:03.988000,0 days 00:00:52.490000,,0 days 00:23:20.495000,0 days 00:24:13.216000,123.0,138.0,294.0,150.0,SOFT,1.0,True,,AlphaTauri,GAS,1,False,
35,0 days 00:25:43.833000,10,0 days 00:01:30.848000,2,1,,,0 days 00:00:28.916000,0 days 00:00:39.153000,0 days 00:00:22.779000,0 days 00:24:41.901000,0 days 00:25:21.054000,0 days 00:25:43.833000,245.0,272.0,290.0,317.0,SOFT,2.0,True,0 days 00:24:12.985000,AlphaTauri,GAS,1,True,2021-03-27 15:09:13.370
36,0 days 00:27:38.774000,10,0 days 00:01:54.941000,3,2,,0 days 00:27:37.060000,0 days 00:00:36.034000,0 days 00:00:49.801000,0 days 00:00:29.106000,0 days 00:26:19.867000,0 days 00:27:09.668000,0 days 00:27:38.774000,166.0,204.0,,286.0,SOFT,1.0,True,0 days 00:25:43.833000,AlphaTauri,GAS,1,False,2021-03-27 15:10:44.218
37,0 days 00:45:28.745000,10,,4,2,0 days 00:43:29.924000,,,0 days 00:00:54.759000,0 days 00:00:27.088000,,0 days 00:45:01.661000,0 days 00:45:28.777000,173.0,217.0,293.0,151.0,MEDIUM,2.0,True,0 days 00:27:38.774000,AlphaTauri,GAS,2,False,2021-03-27 15:12:39.159
38,0 days 00:46:59.888000,10,0 days 00:01:31.143000,5,2,,,0 days 00:00:28.637000,0 days 00:00:39.586000,0 days 00:00:22.920000,0 days 00:45:57.382000,0 days 00:46:36.968000,0 days 00:46:59.888000,244.0,274.0,291.0,317.0,MEDIUM,3.0,True,0 days 00:45:28.745000,AlphaTauri,GAS,1,True,2021-03-27 15:30:29.130
39,0 days 00:48:54.133000,10,0 days 00:01:54.245000,6,3,,0 days 00:48:52.189000,0 days 00:00:35.190000,0 days 00:00:49.476000,0 days 00:00:29.579000,0 days 00:47:35.078000,0 days 00:48:24.554000,0 days 00:48:54.133000,195.0,212.0,,297.0,MEDIUM,1.0,True,0 days 00:46:59.888000,AlphaTauri,GAS,1,False,2021-03-27 15:32:00.273
40,0 days 00:52:53.554000,10,,7,3,0 days 00:50:55.679000,,,0 days 00:00:54.174000,0 days 00:00:27.982000,,0 days 00:52:25.574000,0 days 00:52:53.554000,157.0,173.0,290.0,172.0,MEDIUM,2.0,True,0 days 00:48:54.133000,AlphaTauri,GAS,1,False,2021-03-27 15:33:54.518
41,0 days 00:54:24.067000,10,0 days 00:01:30.513000,8,3,,,0 days 00:00:28.811000,0 days 00:00:39.049000,0 days 00:00:22.653000,0 days 00:53:22.365000,0 days 00:54:01.414000,0 days 00:54:24.067000,245.0,273.0,291.0,312.0,MEDIUM,3.0,True,0 days 00:52:53.554000,AlphaTauri,GAS,1,True,2021-03-27 15:37:53.939
42,0 days 00:56:25.386000,10,0 days 00:02:01.319000,9,4,,0 days 00:56:23.548000,0 days 00:00:43.848000,0 days 00:00:47.417000,0 days 00:00:30.054000,0 days 00:55:07.915000,0 days 00:55:55.332000,0 days 00:56:25.386000,212.0,179.0,,270.0,MEDIUM,1.0,True,0 days 00:54:24.067000,AlphaTauri,GAS,1,False,2021-03-27 15:39:24.452
43,0 days 01:05:43.644000,10,,10,4,0 days 01:03:35.192000,,,0 days 00:00:54.542000,0 days 00:00:33.905000,,0 days 01:05:09.739000,0 days 01:05:43.922000,123.0,173.0,290.0,142.0,SOFT,2.0,True,0 days 00:56:25.386000,AlphaTauri,GAS,1,False,2021-03-27 15:41:25.771
44,0 days 01:07:13.658000,10,0 days 00:01:30.014000,11,4,,,0 days 00:00:28.578000,0 days 00:00:38.868000,0 days 00:00:22.568000,0 days 01:06:12.222000,0 days 01:06:51.090000,0 days 01:07:13.658000,246.0,270.0,291.0,312.0,SOFT,3.0,True,0 days 01:05:43.644000,AlphaTauri,GAS,1,True,2021-03-27 15:50:44.029
45,0 days 01:09:02.693000,10,0 days 00:01:49.035000,12,5,,0 days 01:09:00.902000,0 days 00:00:32.881000,0 days 00:00:46.120000,0 days 00:00:30.034000,0 days 01:07:46.539000,0 days 01:08:32.659000,0 days 01:09:02.693000,216.0,212.0,,285.0,SOFT,1.0,True,0 days 01:07:13.658000,AlphaTauri,GAS,1,False,2021-03-27 15:52:14.043
46,0 days 01:14:01.892000,10,,13,5,0 days 01:11:48.804000,,,0 days 00:00:55.351000,0 days 00:00:36.920000,,0 days 01:13:24.974000,0 days 01:14:01.916000,144.0,137.0,293.0,98.0,SOFT,2.0,True,0 days 01:09:02.693000,AlphaTauri,GAS,1,False,2021-03-27 15:54:03.078
47,0 days 01:15:31.701000,10,0 days 00:01:29.809000,14,5,,,0 days 00:00:28.585000,0 days 00:00:38.658000,0 days 00:00:22.566000,0 days 01:14:30.477000,0 days 01:15:09.135000,0 days 01:15:31.701000,247.0,273.0,290.0,314.0,SOFT,3.0,True,0 days 01:14:01.892000,AlphaTauri,GAS,1,True,2021-03-27 15:59:02.277
48,0 days 00:23:07.597000,77,,1,1,0 days 00:20:40.373000,,,0 days 00:01:02.521000,0 days 00:00:45.627000,,0 days 00:22:22.040000,0 days 00:23:07.844000,141.0,149.0,289.0,166.0,SOFT,1.0,True,,Mercedes,BOT,1,False,
49,0 days 00:24:38.797000,77,0 days 00:01:31.200000,2,1,,,0 days 00:00:28.819000,0 days 00:00:39.431000,0 days 00:00:22.950000,0 days 00:23:36.416000,0 days 00:24:15.847000,0 days 00:24:38.797000,243.0,264.0,291.0,310.0,SOFT,2.0,True,0 days 00:23:07.597000,Mercedes,BOT,1,True,2021-03-27 15:08:07.982
50,0 days 00:26:34.685000,77,0 days 00:01:55.888000,3,2,,0 days 00:26:32.930000,0 days 00:00:34.904000,0 days 00:00:46.938000,0 days 00:00:34.046000,0 days 00:25:13.701000,0 days 00:26:00.639000,0 days 00:26:34.685000,199.0,221.0,,286.0,SOFT,1.0,True,0 days 00:24:38.797000,Mercedes,BOT,1,False,2021-03-27 15:09:39.182
51,0 days 00:32:58.060000,77,,4,2,0 days 00:30:14.114000,,,0 days 00:01:08.615000,0 days 00:00:55.877000,,0 days 00:32:02.183000,0 days 00:32:58.311000,163.0,126.0,290.0,135.0,SOFT,2.0,True,0 days 00:26:34.685000,Mercedes,BOT,1,False,2021-03-27 15:11:35.070
52,0 days 00:34:55.516000,77,0 days 00:01:57.456000,5,3,,0 days 00:34:53.773000,0 days 00:00:31.794000,0 days 00:00:55.698000,0 days 00:00:29.964000,0 days 00:33:29.854000,0 days 00:34:25.552000,0 days 00:34:55.516000,159.0,221.0,,313.0,SOFT,1.0,True,0 days 00:32:58.060000,Mercedes,BOT,2,False,2021-03-27 15:17:58.445
53,0 days 00:44:17.091000,77,,6,3,0 days 00:42:16.149000,,,0 days 00:00:56.528000,0 days 00:00:27.681000,,0 days 00:43:49.553000,0 days 00:44:17.120000,172.0,172.0,287.0,165.0,MEDIUM,2.0,True,0 days 00:34:55.516000,Mercedes,BOT,1,False,2021-03-27 15:19:55.901
54,0 days 00:45:47.650000,77,0 days 00:01:30.559000,7,3,,,0 days 00:00:28.854000,0 days 00:00:39.067000,0 days 00:00:22.638000,0 days 00:44:45.945000,0 days 00:45:25.012000,0 days 00:45:47.650000,245.0,267.0,289.0,309.0,MEDIUM,3.0,True,0 days 00:44:17.091000,Mercedes,BOT,1,True,2021-03-27 15:29:17.476
55,0 days 00:47:42.299000,77,0 days 00:01:54.649000,8,4,,0 days 00:47:40.459000,0 days 00:00:35.880000,0 days 00:00:49.441000,0 days 00:00:29.328000,0 days 00:46:23.530000,0 days 00:47:12.971000,0 days 00:47:42.299000,188.0,193.0,,266.0,MEDIUM,1.0,True,0 days 00:45:47.650000,Mercedes,BOT,1,False,2021-03-27 15:30:48.035
56,0 days 00:53:02.410000,77,,9,4,0 days 00:50:59.680000,,,0 days 00:00:53.791000,0 days 00:00:30.720000,,0 days 00:52:31.690000,0 days 00:53:02.475000,199.0,210.0,287.0,126.0,MEDIUM,2.0,True,0 days 00:47:42.299000,Mercedes,BOT,1,False,2021-03-27 15:32:42.684
57,0 days 00:54:32.596000,77,0 days 00:01:30.186000,10,4,,,0 days 00:00:28.755000,0 days 00:00:38.895000,0 days 00:00:22.536000,0 days 00:53:31.165000,0 days 00:54:10.060000,0 days 00:54:32.596000,245.0,267.0,289.0,311.0,MEDIUM,3.0,True,0 days 00:53:02.410000,Mercedes,BOT,1,True,2021-03-27 15:38:02.795
58,0 days 00:56:30.730000,77,0 days 00:01:58.134000,11,5,,0 days 00:56:28.932000,0 days 00:00:34.923000,0 days 00:00:50.792000,0 days 00:00:32.419000,0 days 00:55:07.519000,0 days 00:55:58.311000,0 days 00:56:30.730000,203.0,192.0,,260.0,MEDIUM,1.0,True,0 days 00:54:32.596000,Mercedes,BOT,1,False,2021-03-27 15:39:32.981
59,0 days 01:05:58.231000,77,,12,5,0 days 01:03:40.143000,,,0 days 00:01:01.885000,0 days 00:00:32.746000,,0 days 01:05:25.507000,0 days 01:05:58.301000,135.0,152.0,288.0,130.0,SOFT,4.0,False,0 days 00:56:30.730000,Mercedes,BOT,1,False,2021-03-27 15:41:31.115
60,0 days 01:07:28.447000,77,0 days 00:01:30.216000,13,5,,,0 days 00:00:28.726000,0 days 00:00:38.838000,0 days 00:00:22.652000,0 days 01:06:26.957000,0 days 01:07:05.795000,0 days 01:07:28.447000,244.0,270.0,291.0,312.0,SOFT,5.0,False,0 days 01:05:58.231000,Mercedes,BOT,1,True,2021-03-27 15:50:58.616
61,0 days 01:09:19.564000,77,0 days 00:01:51.117000,14,6,,0 days 01:09:17.762000,0 days 00:00:35.213000,0 days 00:00:46.312000,0 days 00:00:29.592000,0 days 01:08:03.660000,0 days 01:08:49.972000,0 days 01:09:19.564000,177.0,241.0,,274.0,SOFT,3.0,False,0 days 01:07:28.447000,Mercedes,BOT,1,False,2021-03-27 15:52:28.832
62,0 days 01:13:50.065000,77,,15,6,0 days 01:11:43.582000,,,0 days 00:01:00.055000,0 days 00:00:28.587000,,0 days 01:13:21.486000,0 days 01:13:50.088000,154.0,179.0,288.0,159.0,SOFT,2.0,True,0 days 01:09:19.564000,Mercedes,BOT,1,False,2021-03-27 15:54:19.949
63,0 days 01:15:19.651000,77,0 days 00:01:29.586000,16,6,,,0 days 00:00:28.493000,0 days 00:00:38.642000,0 days 00:00:22.451000,0 days 01:14:18.558000,0 days 01:14:57.200000,0 days 01:15:19.651000,245.0,271.0,284.0,308.0,SOFT,3.0,True,0 days 01:13:50.065000,Mercedes,BOT,1,True,2021-03-27 15:58:50.450
64,0 days 01:17:22.647000,77,0 days 00:02:02.996000,17,6,,0 days 01:17:19.275000,0 days 00:00:37.005000,0 days 00:00:52.015000,0 days 00:00:33.976000,0 days 01:15:56.656000,0 days 01:16:48.671000,0 days 01:17:22.647000,185.0,177.0,,190.0,SOFT,4.0,True,0 days 01:15:19.651000,Mercedes,BOT,1,False,2021-03-27 16:00:20.036
65,0 days 00:23:34.066000,11,,1,1,0 days 00:20:59.060000,,,0 days 00:01:11.480000,0 days 00:00:46.378000,,0 days 00:22:47.811000,0 days 00:23:34.275000,141.0,70.0,286.0,126.0,SOFT,1.0,True,,Red Bull,PER,1,False,
66,0 days 00:25:05.231000,11,0 days 00:01:31.165000,2,1,,,0 days 00:00:29.193000,0 days 00:00:39.141000,0 days 00:00:22.831000,0 days 00:24:03.259000,0 days 00:24:42.400000,0 days 00:25:05.231000,242.0,269.0,290.0,311.0,SOFT,2.0,True,0 days 00:23:34.066000,Red Bull,PER,1,True,2021-03-27 15:08:34.451
67,0 days 00:27:03.634000,11,0 days 00:01:58.403000,3,2,,0 days 00:27:01.872000,0 days 00:00:38.487000,0 days 00:00:51.235000,0 days 00:00:28.681000,0 days 00:25:43.718000,0 days 00:26:34.953000,0 days 00:27:03.634000,168.0,230.0,,239.0,SOFT,1.0,True,0 days 00:25:05.231000,Red Bull,PER,1,False,2021-03-27 15:10:05.616
68,0 days 00:33:00.853000,11,,4,2,0 days 00:30:26.739000,,,0 days 00:01:03.888000,0 days 00:00:47.536000,,0 days 00:32:13.330000,0 days 00:33:01.130000,137.0,173.0,293.0,147.0,SOFT,2.0,True,0 days 00:27:03.634000,Red Bull,PER,1,False,2021-03-27 15:12:04.019
69,0 days 00:35:03.342000,11,0 days 00:02:02.489000,5,3,,0 days 00:35:01.567000,0 days 00:00:41.053000,0 days 00:00:49.763000,0 days 00:00:31.673000,0 days 00:33:41.906000,0 days 00:34:31.669000,0 days 00:35:03.342000,201.0,208.0,,201.0,SOFT,1.0,True,0 days 00:33:00.853000,Red Bull,PER,2,False,2021-03-27 15:18:01.238
70,0 days 00:45:08.853000,11,,6,3,0 days 00:42:31.985000,,,0 days 00:01:15.205000,0 days 00:00:35.128000,,0 days 00:44:33.728000,0 days 00:45:08.866000,119.0,121.0,289.0,141.0,MEDIUM,2.0,True,0 days 00:35:03.342000,Red Bull,PER,1,False,2021-03-27 15:20:03.727
71,0 days 00:46:39.603000,11,0 days 00:01:30.750000,7,3,,,0 days 00:00:29.173000,0 days 00:00:39.041000,0 days 00:00:22.536000,0 days 00:45:38.026000,0 days 00:46:17.067000,0 days 00:46:39.603000,239.0,270.0,287.0,311.0,MEDIUM,3.0,True,0 days 00:45:08.853000,Red Bull,PER,1,True,2021-03-27 15:30:09.238
72,0 days 00:48:34.882000,11,0 days 00:01:55.279000,8,4,,0 days 00:48:32.840000,0 days 00:00:38.036000,0 days 00:00:47.114000,0 days 00:00:30.129000,0 days 00:47:17.639000,0 days 00:48:04.753000,0 days 00:48:34.882000,201.0,216.0,,208.0,MEDIUM,1.0,True,0 days 00:46:39.603000,Red Bull,PER,1,False,2021-03-27 15:31:39.988
73,0 days 00:52:42.713000,11,,9,4,0 days 00:50:38.087000,,,0 days 00:00:57.280000,0 days 00:00:27.408000,,0 days 00:52:15.340000,0 days 00:52:42.751000,152.0,177.0,286.0,144.0,MEDIUM,,True,0 days 00:48:34.882000,Red Bull,PER,1,False,2021-03-27 15:33:35.267
74,0 days 00:54:13.372000,11,0 days 00:01:30.659000,10,4,,,0 days 00:00:28.959000,0 days 00:00:38.994000,0 days 00:00:22.706000,0 days 00:53:11.672000,0 days 00:53:50.666000,0 days 00:54:13.372000,244.0,270.0,289.0,306.0,MEDIUM,,True,0 days 00:52:42.713000,Red Bull,PER,1,True,2021-03-27 15:37:43.098
75,0 days 00:56:13.967000,11,0 days 00:02:00.595000,11,4,,0 days 00:56:12.105000,0 days 00:00:39.667000,0 days 00:00:53.010000,0 days 00:00:27.918000,0 days 00:54:53.039000,0 days 00:55:46.049000,0 days 00:56:13.967000,168.0,240.0,,221.0,MEDIUM,,True,0 days 00:54:13.372000,Red Bull,PER,1,False,2021-03-27 15:39:13.757
76,0 days 00:22:46.194000,55,,1,1,0 days 00:20:28.623000,,,0 days 00:01:00.530000,0 days 00:00:32.219000,,0 days 00:22:13.975000,0 days 00:22:46.484000,154.0,159.0,287.0,159.0,SOFT,1.0,True,,Ferrari,SAI,1,False,
77,0 days 00:24:17.847000,55,0 days 00:01:31.653000,2,1,,,0 days 00:00:29.276000,0 days 00:00:39.341000,0 days 00:00:23.036000,0 days 00:23:15.470000,0 days 00:23:54.811000,0 days 00:24:17.847000,240.0,268.0,288.0,310.0,SOFT,2.0,True,0 days 00:22:46.194000,Ferrari,SAI,1,True,2021-03-27 15:07:46.579
78,0 days 00:26:18.385000,55,0 days 00:02:00.538000,3,2,,0 days 00:26:16.690000,0 days 00:00:41.913000,0 days 00:00:48.597000,0 days 00:00:30.028000,0 days 00:24:59.760000,0 days 00:25:48.357000,0 days 00:26:18.385000,182.0,212.0,,147.0,SOFT,1.0,True,0 days 00:24:17.847000,Ferrari,SAI,1,False,2021-03-27 15:09:18.232
79,0 days 00:32:23.190000,55,,4,2,0 days 00:29:52.023000,,,0 days 00:01:13.151000,0 days 00:00:39.064000,,0 days 00:31:44.126000,0 days 00:32:23.390000,160.0,147.0,287.0,146.0,SOFT,,True,0 days 00:26:18.385000,Ferrari,SAI,1,False,2021-03-27 15:11:18.770
80,0 days 00:35:15.298000,55,,5,3,,0 days 00:35:13.385000,0 days 00:00:29.031000,,0 days 00:00:31.450000,0 days 00:32:52.192000,,0 days 00:35:15.298000,241.0,187.0,,311.0,SOFT,,True,0 days 00:32:23.190000,Ferrari,SAI,2,False,2021-03-27 15:17:23.575
81,0 days 00:44:56.849000,55,,6,3,0 days 00:42:30.909000,,,0 days 00:01:13.801000,0 days 00:00:33.024000,,0 days 00:44:23.880000,0 days 00:44:56.928000,165.0,163.0,288.0,138.0,SOFT,2.0,True,0 days 00:35:15.298000,Ferrari,SAI,1,False,2021-03-27 15:20:15.683
82,0 days 00:46:27.710000,55,0 days 00:01:30.861000,7,3,,,0 days 00:00:28.948000,0 days 00:00:38.982000,0 days 00:00:22.931000,0 days 00:45:25.797000,0 days 00:46:04.779000,0 days 00:46:27.710000,241.0,270.0,281.0,310.0,SOFT,3.0,True,0 days 00:44:56.849000,Ferrari,SAI,1,True,2021-03-27 15:29:57.234
83,0 days 00:48:23.488000,55,0 days 00:01:55.778000,8,4,,0 days 00:48:21.672000,0 days 00:00:35.583000,0 days 00:00:48.706000,0 days 00:00:31.489000,0 days 00:47:03.293000,0 days 00:47:51.999000,0 days 00:48:23.488000,196.0,186.0,,242.0,SOFT,1.0,True,0 days 00:46:27.710000,Ferrari,SAI,1,False,2021-03-27 15:31:28.095
84,0 days 00:53:44.774000,55,,9,4,0 days 00:51:12.899000,,,0 days 00:01:06.503000,0 days 00:00:38.999000,,0 days 00:53:05.775000,0 days 00:53:44.794000,147.0,164.0,287.0,155.0,SOFT,2.0,True,0 days 00:48:23.488000,Ferrari,SAI,1,False,2021-03-27 15:33:23.873
85,0 days 00:55:14.783000,55,0 days 00:01:30.009000,10,4,,,0 days 00:00:28.628000,0 days 00:00:38.679000,0 days 00:00:22.702000,0 days 00:54:13.402000,0 days 00:54:52.081000,0 days 00:55:14.783000,245.0,269.0,286.0,310.0,SOFT,3.0,True,0 days 00:53:44.774000,Ferrari,SAI,1,True,2021-03-27 15:38:45.159
86,0 days 00:57:13.378000,55,0 days 00:01:58.595000,11,5,,0 days 00:57:11.552000,0 days 00:00:37.135000,0 days 00:00:49.882000,0 days 00:00:31.578000,0 days 00:55:51.918000,0 days 00:56:41.800000,0 days 00:57:13.378000,173.0,183.0,,212.0,SOFT,1.0,True,0 days 00:55:14.783000,Ferrari,SAI,1,False,2021-03-27 15:40:15.168
87,0 days 01:06:14.304000,55,,12,5,0 days 01:03:45.614000,,,0 days 00:01:04.979000,0 days 00:00:35.815000,,0 days 01:05:38.491000,0 days 01:06:14.442000,170.0,166.0,286.0,176.0,SOFT,4.0,False,0 days 00:57:13.378000,Ferrari,SAI,1,False,2021-03-27 15:42:13.763
88,0 days 01:07:44.840000,55,0 days 00:01:30.536000,13,5,,,0 days 00:00:28.853000,0 days 00:00:38.963000,0 days 00:00:22.720000,0 days 01:06:43.157000,0 days 01:07:22.120000,0 days 01:07:44.840000,245.0,268.0,288.0,308.0,SOFT,5.0,False,0 days 01:06:14.304000,Ferrari,SAI,1,True,2021-03-27 15:51:14.689
89,0 days 01:09:31.936000,55,0 days 00:01:47.096000,14,6,,0 days 01:09:30.045000,0 days 00:00:34.686000,0 days 00:00:44.269000,0 days 00:00:28.141000,0 days 01:08:19.526000,0 days 01:09:03.795000,0 days 01:09:31.936000,222.0,223.0,,215.0,SOFT,3.0,False,0 days 01:07:44.840000,Ferrari,SAI,1,False,2021-03-27 15:52:45.225
90,0 days 01:14:18.033000,55,,15,6,0 days 01:11:50.505000,,,0 days 00:01:00.765000,0 days 00:00:43.560000,,0 days 01:13:34.479000,0 days 01:14:18.057000,160.0,171.0,289.0,97.0,SOFT,2.0,True,0 days 01:09:31.936000,Ferrari,SAI,1,False,2021-03-27 15:54:32.321
91,0 days 01:15:48.248000,55,0 days 00:01:30.215000,16,6,,,0 days 00:00:28.824000,0 days 00:00:38.628000,0 days 00:00:22.763000,0 days 01:14:46.857000,0 days 01:15:25.485000,0 days 01:15:48.248000,244.0,269.0,286.0,309.0,SOFT,3.0,True,0 days 01:14:18.033000,Ferrari,SAI,1,True,2021-03-27 15:59:18.418
92,0 days 00:22:58.173000,7,,1,1,0 days 00:20:32.821000,,,0 days 00:00:58.930000,0 days 00:00:40.930000,,0 days 00:22:17.243000,0 days 00:22:58.438000,128.0,191.0,289.0,127.0,SOFT,1.0,True,,Alfa Romeo,RAI,1,False,
93,0 days 00:24:30.352000,7,0 days 00:01:32.179000,2,1,,,0 days 00:00:29.015000,0 days 00:00:39.791000,0 days 00:00:23.373000,0 days 00:23:27.188000,0 days 00:24:06.979000,0 days 00:24:30.352000,243.0,266.0,287.0,313.0,SOFT,2.0,True,0 days 00:22:58.173000,Alfa Romeo,RAI,1,True,2021-03-27 15:07:58.558
94,0 days 00:26:20.950000,7,0 days 00:01:50.598000,3,2,,0 days 00:26:19.242000,0 days 00:00:34.764000,0 days 00:00:45.068000,0 days 00:00:30.766000,0 days 00:25:05.116000,0 days 00:25:50.184000,0 days 00:26:20.950000,215.0,205.0,,212.0,SOFT,1.0,True,0 days 00:24:30.352000,Alfa Romeo,RAI,1,False,2021-03-27 15:09:30.737
95,0 days 00:32:08.267000,7,,4,2,0 days 00:29:47.336000,,,0 days 00:00:59.206000,0 days 00:00:39.909000,,0 days 00:31:28.398000,0 days 00:32:08.484000,145.0,110.0,288.0,124.0,SOFT,,True,0 days 00:26:20.950000,Alfa Romeo,RAI,1,False,2021-03-27 15:11:21.335
96,0 days 00:33:39.814000,7,0 days 00:01:31.547000,5,2,,,0 days 00:00:29.159000,0 days 00:00:39.469000,0 days 00:00:22.919000,0 days 00:32:37.426000,0 days 00:33:16.895000,0 days 00:33:39.814000,244.0,267.0,288.0,313.0,SOFT,,True,0 days 00:32:08.267000,Alfa Romeo,RAI,2,True,2021-03-27 15:17:08.652
97,0 days 00:35:43.455000,7,0 days 00:02:03.641000,6,3,,0 days 00:35:41.733000,0 days 00:00:38.592000,0 days 00:00:48.707000,0 days 00:00:36.342000,0 days 00:34:18.406000,0 days 00:35:07.113000,0 days 00:35:43.455000,196.0,182.0,,188.0,SOFT,,True,0 days 00:33:39.814000,Alfa Romeo,RAI,2,False,2021-03-27 15:18:40.199
98,0 days 00:44:41.995000,7,,7,3,0 days 00:42:27.389000,,,0 days 00:00:55.759000,0 days 00:00:40.267000,,0 days 00:44:01.766000,0 days 00:44:42.027000,139.0,200.0,288.0,135.0,SOFT,5.0,False,0 days 00:35:43.455000,Alfa Romeo,RAI,1,False,2021-03-27 15:20:43.840
99,0 days 00:46:14.390000,7,0 days 00:01:32.395000,8,3,,,0 days 00:00:29.430000,0 days 00:00:39.782000,0 days 00:00:23.183000,0 days 00:45:11.425000,0 days 00:45:51.207000,0 days 00:46:14.390000,240.0,266.0,288.0,314.0,SOFT,6.0,False,0 days 00:44:41.995000,Alfa Romeo,RAI,1,True,2021-03-27 15:29:42.380
100,0 days 00:48:10.286000,7,0 days 00:01:55.896000,9,4,,0 days 00:48:08.495000,0 days 00:00:34.390000,0 days 00:00:48.278000,0 days 00:00:33.228000,0 days 00:46:48.780000,0 days 00:47:37.058000,0 days 00:48:10.286000,189.0,179.0,,249.0,SOFT,4.0,False,0 days 00:46:14.390000,Alfa Romeo,RAI,1,False,2021-03-27 15:31:14.775
101,0 days 00:53:13.018000,7,,10,4,0 days 00:51:02.270000,,,0 days 00:00:57.543000,0 days 00:00:35.064000,,0 days 00:52:37.954000,0 days 00:53:13.087000,187.0,154.0,289.0,163.0,SOFT,,True,0 days 00:48:10.286000,Alfa Romeo,RAI,1,False,2021-03-27 15:33:10.671
102,0 days 00:54:44.256000,7,0 days 00:01:31.238000,11,4,,,0 days 00:00:28.858000,0 days 00:00:39.388000,0 days 00:00:22.992000,0 days 00:53:41.876000,0 days 00:54:21.264000,0 days 00:54:44.256000,243.0,267.0,288.0,315.0,SOFT,,True,0 days 00:53:13.018000,Alfa Romeo,RAI,1,True,2021-03-27 15:38:13.403
103,0 days 00:56:48.441000,7,0 days 00:02:04.185000,12,4,,0 days 00:56:46.642000,0 days 00:00:37.333000,0 days 00:00:50.350000,0 days 00:00:36.502000,0 days 00:55:21.589000,0 days 00:56:11.939000,0 days 00:56:48.441000,187.0,173.0,,219.0,SOFT,,True,0 days 00:54:44.256000,Alfa Romeo,RAI,1,False,2021-03-27 15:39:44.641
104,0 days 00:23:30.386000,31,,1,1,0 days 00:20:58.283000,,,0 days 00:01:04.458000,0 days 00:00:47.816000,,0 days 00:22:42.588000,0 days 00:23:30.635000,114.0,118.0,286.0,137.0,SOFT,1.0,True,,Alpine F1 Team,OCO,1,False,
105,0 days 00:25:02.773000,31,0 days 00:01:32.387000,2,1,,,0 days 00:00:29.377000,0 days 00:00:39.706000,0 days 00:00:23.304000,0 days 00:23:59.763000,0 days 00:24:39.469000,0 days 00:25:02.773000,241.0,268.0,284.0,311.0,SOFT,2.0,True,0 days 00:23:30.386000,Alpine F1 Team,OCO,1,True,2021-03-27 15:08:30.771
106,0 days 00:26:55.401000,31,0 days 00:01:52.628000,3,2,,0 days 00:26:53.583000,0 days 00:00:33.675000,0 days 00:00:48.358000,0 days 00:00:30.595000,0 days 00:25:36.448000,0 days 00:26:24.806000,0 days 00:26:55.401000,192.0,193.0,,285.0,SOFT,1.0,True,0 days 00:25:02.773000,Alpine F1 Team,OCO,1,False,2021-03-27 15:10:03.158
107,0 days 00:32:48.396000,31,,4,2,0 days 00:30:01.039000,,,0 days 00:01:08.939000,0 days 00:00:51.937000,,0 days 00:31:56.459000,0 days 00:32:48.649000,117.0,116.0,287.0,123.0,SOFT,2.0,True,0 days 00:26:55.401000,Alpine F1 Team,OCO,1,False,2021-03-27 15:11:55.786
108,0 days 00:34:20.120000,31,0 days 00:01:31.724000,5,2,,,0 days 00:00:28.999000,0 days 00:00:39.813000,0 days 00:00:22.912000,0 days 00:33:17.395000,0 days 00:33:57.208000,0 days 00:34:20.120000,243.0,268.0,284.0,315.0,SOFT,3.0,True,0 days 00:32:48.396000,Alpine F1 Team,OCO,2,True,2021-03-27 15:17:48.781
109,0 days 00:36:18.591000,31,0 days 00:01:58.471000,6,2,,0 days 00:36:16.882000,0 days 00:00:37.660000,0 days 00:00:48.046000,0 days 00:00:32.765000,0 days 00:34:57.780000,0 days 00:35:45.826000,0 days 00:36:18.591000,196.0,203.0,,248.0,SOFT,4.0,True,0 days 00:34:20.120000,Alpine F1 Team,OCO,1,False,2021-03-27 15:19:20.505
110,0 days 00:23:59.186000,18,,1,1,0 days 00:21:14.311000,,,0 days 00:01:08.625000,0 days 00:00:54.216000,,0 days 00:23:05.064000,0 days 00:23:59.450000,119.0,188.0,289.0,125.0,SOFT,1.0,True,,Aston Martin,STR,1,False,
111,0 days 00:25:30.989000,18,0 days 00:01:31.803000,2,1,,,0 days 00:00:29.011000,0 days 00:00:39.583000,0 days 00:00:23.209000,0 days 00:24:28.197000,0 days 00:25:07.780000,0 days 00:25:30.989000,241.0,262.0,283.0,315.0,SOFT,2.0,True,0 days 00:23:59.186000,Aston Martin,STR,1,True,2021-03-27 15:08:59.571
112,0 days 00:27:24.324000,18,0 days 00:01:53.335000,3,2,,0 days 00:27:22.593000,0 days 00:00:33.986000,0 days 00:00:47.484000,0 days 00:00:31.865000,0 days 00:26:04.975000,0 days 00:26:52.459000,0 days 00:27:24.324000,205.0,189.0,,229.0,SOFT,1.0,True,0 days 00:25:30.989000,Aston Martin,STR,1,False,2021-03-27 15:10:31.374
113,0 days 00:32:51.777000,18,,4,2,0 days 00:29:59.107000,,,0 days 00:01:13.248000,0 days 00:00:52.016000,,0 days 00:31:59.989000,0 days 00:32:52.050000,113.0,139.0,284.0,122.0,SOFT,,True,0 days 00:27:24.324000,Aston Martin,STR,1,False,2021-03-27 15:12:24.709
114,0 days 00:34:23.038000,18,0 days 00:01:31.261000,5,2,,,0 days 00:00:28.844000,0 days 00:00:39.385000,0 days 00:00:23.032000,0 days 00:33:20.621000,0 days 00:34:00.006000,0 days 00:34:23.038000,245.0,264.0,280.0,312.0,SOFT,,True,0 days 00:32:51.777000,Aston Martin,STR,2,True,2021-03-27 15:17:52.162
115,0 days 00:36:11.137000,18,0 days 00:01:48.099000,6,3,,0 days 00:36:09.416000,0 days 00:00:33.475000,0 days 00:00:45.955000,0 days 00:00:28.669000,0 days 00:34:56.513000,0 days 00:35:42.468000,0 days 00:36:11.137000,210.0,207.0,,209.0,SOFT,,True,0 days 00:34:23.038000,Aston Martin,STR,1,False,2021-03-27 15:19:23.423
116,0 days 00:45:03.521000,18,,7,3,0 days 00:42:30.015000,,,0 days 00:01:14.864000,0 days 00:00:36.749000,,0 days 00:44:26.896000,0 days 00:45:03.540000,113.0,208.0,290.0,113.0,SOFT,5.0,False,0 days 00:36:11.137000,Aston Martin,STR,1,False,2021-03-27 15:21:11.522
117,0 days 00:46:35.568000,18,0 days 00:01:32.047000,8,3,,,0 days 00:00:29.364000,0 days 00:00:39.609000,0 days 00:00:23.074000,0 days 00:45:32.885000,0 days 00:46:12.494000,0 days 00:46:35.568000,242.0,265.0,282.0,313.0,SOFT,6.0,False,0 days 00:45:03.521000,Aston Martin,STR,1,True,2021-03-27 15:30:03.906
118,0 days 00:48:24.754000,18,0 days 00:01:49.186000,9,4,,0 days 00:48:23.218000,0 days 00:00:33.017000,0 days 00:00:44.891000,0 days 00:00:31.278000,0 days 00:47:08.585000,0 days 00:47:53.476000,0 days 00:48:24.754000,223.0,199.0,,202.0,SOFT,4.0,False,0 days 00:46:35.568000,Aston Martin,STR,1,False,2021-03-27 15:31:35.953
119,0 days 00:53:30.251000,18,,10,4,0 days 00:50:57.413000,,,0 days 00:01:06.553000,0 days 00:00:43.077000,,0 days 00:52:47.197000,0 days 00:53:30.288000,142.0,119.0,290.0,114.0,SOFT,2.0,True,0 days 00:48:24.754000,Aston Martin,STR,1,False,2021-03-27 15:33:25.139
120,0 days 00:55:00.875000,18,0 days 00:01:30.624000,11,4,,,0 days 00:00:28.640000,0 days 00:00:39.021000,0 days 00:00:22.963000,0 days 00:53:58.891000,0 days 00:54:37.912000,0 days 00:55:00.875000,245.0,264.0,286.0,313.0,SOFT,3.0,True,0 days 00:53:30.251000,Aston Martin,STR,1,True,2021-03-27 15:38:30.636
121,0 days 00:56:52.391000,18,0 days 00:01:51.516000,12,5,,0 days 00:56:50.566000,0 days 00:00:32.780000,0 days 00:00:46.169000,0 days 00:00:32.567000,0 days 00:55:33.655000,0 days 00:56:19.824000,0 days 00:56:52.391000,185.0,177.0,,252.0,SOFT,1.0,True,0 days 00:55:00.875000,Aston Martin,STR,1,False,2021-03-27 15:40:01.260
122,0 days 01:10:34.544000,18,,13,5,0 days 01:08:01.583000,,,0 days 00:01:10.534000,0 days 00:00:29.181000,,0 days 01:10:05.363000,0 days 01:10:34.565000,102.0,133.0,288.0,112.0,SOFT,2.0,True,0 days 00:56:52.391000,Aston Martin,STR,1,False,2021-03-27 15:41:52.776
123,0 days 01:12:05.145000,18,0 days 00:01:30.601000,14,5,,,0 days 00:00:28.765000,0 days 00:00:39.016000,0 days 00:00:22.820000,0 days 01:11:03.309000,0 days 01:11:42.325000,0 days 01:12:05.145000,244.0,264.0,282.0,310.0,SOFT,3.0,True,0 days 01:10:34.544000,Aston Martin,STR,1,True,2021-03-27 15:55:34.929
124,0 days 00:23:23.813000,3,,1,1,0 days 00:20:54.430000,,,0 days 00:01:07.227000,0 days 00:00:42.579000,,0 days 00:22:41.234000,0 days 00:23:24.049000,146.0,113.0,291.0,167.0,SOFT,1.0,True,,McLaren,RIC,1,False,
125,0 days 00:24:55.466000,3,0 days 00:01:31.653000,2,1,,,0 days 00:00:29.212000,0 days 00:00:39.472000,0 days 00:00:22.969000,0 days 00:23:53.025000,0 days 00:24:32.497000,0 days 00:24:55.466000,244.0,269.0,292.0,313.0,SOFT,2.0,True,0 days 00:23:23.813000,McLaren,RIC,1,True,2021-03-27 15:08:24.198
126,0 days 00:26:53.243000,3,0 days 00:01:57.777000,3,2,,0 days 00:26:51.554000,0 days 00:00:37.041000,0 days 00:00:50.251000,0 days 00:00:30.485000,0 days 00:25:32.507000,0 days 00:26:22.758000,0 days 00:26:53.243000,186.0,209.0,,271.0,SOFT,1.0,True,0 days 00:24:55.466000,McLaren,RIC,1,False,2021-03-27 15:09:55.851
127,0 days 00:32:15.054000,3,,4,2,0 days 00:29:43.467000,,,0 days 00:01:07.271000,0 days 00:00:41.009000,,0 days 00:31:34.212000,0 days 00:32:15.320000,157.0,122.0,292.0,129.0,SOFT,2.0,True,0 days 00:26:53.243000,McLaren,RIC,1,False,2021-03-27 15:11:53.628
128,0 days 00:33:45.849000,3,0 days 00:01:30.795000,5,2,,,0 days 00:00:28.848000,0 days 00:00:39.111000,0 days 00:00:22.836000,0 days 00:32:43.902000,0 days 00:33:23.013000,0 days 00:33:45.849000,244.0,267.0,292.0,315.0,SOFT,3.0,True,0 days 00:32:15.054000,McLaren,RIC,2,True,2021-03-27 15:17:15.439
129,0 days 00:35:46.171000,3,0 days 00:02:00.322000,6,3,,0 days 00:35:44.434000,0 days 00:00:39.742000,0 days 00:00:51.020000,0 days 00:00:29.560000,0 days 00:34:25.591000,0 days 00:35:16.611000,0 days 00:35:46.171000,189.0,223.0,,252.0,SOFT,1.0,True,0 days 00:33:45.849000,McLaren,RIC,2,False,2021-03-27 15:18:46.234
130,0 days 00:45:14.151000,3,,7,3,0 days 00:42:33.706000,,,0 days 00:01:16.771000,0 days 00:00:35.232000,,0 days 00:44:38.949000,0 days 00:45:14.176000,98.0,86.0,293.0,124.0,MEDIUM,2.0,True,0 days 00:35:46.171000,McLaren,RIC,1,False,2021-03-27 15:20:46.556
131,0 days 00:46:45.028000,3,0 days 00:01:30.877000,8,3,,,0 days 00:00:28.907000,0 days 00:00:39.190000,0 days 00:00:22.780000,0 days 00:45:43.058000,0 days 00:46:22.248000,0 days 00:46:45.028000,240.0,269.0,293.0,315.0,MEDIUM,3.0,True,0 days 00:45:14.151000,McLaren,RIC,1,True,2021-03-27 15:30:14.536
132,0 days 00:48:38.836000,3,0 days 00:01:53.808000,9,4,,0 days 00:48:36.981000,0 days 00:00:36.422000,0 days 00:00:47.983000,0 days 00:00:29.403000,0 days 00:47:21.450000,0 days 00:48:09.433000,0 days 00:48:38.836000,180.0,211.0,,289.0,MEDIUM,1.0,True,0 days 00:46:45.028000,McLaren,RIC,1,False,2021-03-27 15:31:45.413
133,0 days 00:53:57.395000,3,,10,4,0 days 00:51:21.287000,,,0 days 00:01:13.294000,0 days 00:00:38.115000,,0 days 00:53:19.357000,0 days 00:53:57.427000,116.0,68.0,293.0,128.0,SOFT,2.0,True,0 days 00:48:38.836000,McLaren,RIC,1,False,2021-03-27 15:33:39.221
134,0 days 00:55:27.617000,3,0 days 00:01:30.222000,11,4,,,0 days 00:00:28.642000,0 days 00:00:38.943000,0 days 00:00:22.637000,0 days 00:54:26.037000,0 days 00:55:04.980000,0 days 00:55:27.617000,247.0,266.0,294.0,315.0,SOFT,3.0,True,0 days 00:53:57.395000,McLaren,RIC,1,True,2021-03-27 15:38:57.780
135,0 days 00:57:28.678000,3,0 days 00:02:01.061000,12,5,,0 days 00:57:26.870000,0 days 00:00:39.646000,0 days 00:00:50.697000,0 days 00:00:30.718000,0 days 00:56:07.263000,0 days 00:56:57.960000,0 days 00:57:28.678000,208.0,218.0,,279.0,SOFT,1.0,True,0 days 00:55:27.617000,McLaren,RIC,1,False,2021-03-27 15:40:28.002
136,0 days 01:05:36.218000,3,,13,5,0 days 01:03:31.274000,,,0 days 00:00:58.688000,0 days 00:00:26.119000,,0 days 01:05:10.122000,0 days 01:05:36.294000,155.0,171.0,288.0,155.0,SOFT,5.0,False,0 days 00:57:28.678000,McLaren,RIC,1,False,2021-03-27 15:42:29.063
137,0 days 01:07:07.602000,3,0 days 00:01:31.384000,14,5,,,0 days 00:00:29.093000,0 days 00:00:39.454000,0 days 00:00:22.837000,0 days 01:06:05.311000,0 days 01:06:44.765000,0 days 01:07:07.602000,245.0,268.0,290.0,308.0,SOFT,6.0,False,0 days 01:05:36.218000,McLaren,RIC,1,True,2021-03-27 15:50:36.603
138,0 days 01:09:00.795000,3,0 days 00:01:53.193000,15,6,,0 days 01:08:58.881000,0 days 00:00:32.488000,0 days 00:00:46.101000,0 days 00:00:34.604000,0 days 01:07:40.090000,0 days 01:08:26.191000,0 days 01:09:00.795000,214.0,194.0,,279.0,SOFT,4.0,False,0 days 01:07:07.602000,McLaren,RIC,1,False,2021-03-27 15:52:07.987
139,0 days 01:14:32.911000,3,,16,6,0 days 01:11:55.028000,,,0 days 00:01:09.106000,0 days 00:00:43.306000,,0 days 01:13:49.624000,0 days 01:14:32.933000,109.0,133.0,293.0,128.0,SOFT,2.0,True,0 days 01:09:00.795000,McLaren,RIC,1,False,2021-03-27 15:54:01.180
140,0 days 01:16:02.838000,3,0 days 00:01:29.927000,17,6,,,0 days 00:00:28.568000,0 days 00:00:38.772000,0 days 00:00:22.587000,0 days 01:15:01.479000,0 days 01:15:40.251000,0 days 01:16:02.838000,246.0,270.0,292.0,311.0,SOFT,3.0,True,0 days 01:14:32.911000,McLaren,RIC,1,True,2021-03-27 15:59:33.296
141,0 days 00:22:39.280000,16,,1,1,0 days 00:20:26.664000,,,0 days 00:00:59.051000,0 days 00:00:32.776000,,0 days 00:22:06.533000,0 days 00:22:39.511000,147.0,170.0,286.0,159.0,SOFT,1.0,True,,Ferrari,LEC,1,False,
142,0 days 00:24:10.962000,16,0 days 00:01:31.682000,2,1,,,0 days 00:00:29.238000,0 days 00:00:39.361000,0 days 00:00:23.083000,0 days 00:23:08.518000,0 days 00:23:47.879000,0 days 00:24:10.962000,241.0,268.0,288.0,308.0,SOFT,2.0,True,0 days 00:22:39.280000,Ferrari,LEC,1,True,2021-03-27 15:07:39.665
143,0 days 00:26:10.225000,16,0 days 00:01:59.263000,3,2,,0 days 00:26:08.466000,0 days 00:00:41.261000,0 days 00:00:49.727000,0 days 00:00:28.275000,0 days 00:24:52.223000,0 days 00:25:41.950000,0 days 00:26:10.225000,176.0,242.0,,128.0,SOFT,1.0,True,0 days 00:24:10.962000,Ferrari,LEC,1,False,2021-03-27 15:09:11.347
144,0 days 00:32:01.832000,16,,4,2,0 days 00:29:50.801000,,,0 days 00:00:55.499000,0 days 00:00:36.458000,,0 days 00:31:25.434000,0 days 00:32:02.005000,161.0,179.0,287.0,138.0,SOFT,2.0,True,0 days 00:26:10.225000,Ferrari,LEC,1,False,2021-03-27 15:11:10.610
145,0 days 00:33:32.523000,16,0 days 00:01:30.691000,5,2,,,0 days 00:00:28.960000,0 days 00:00:38.923000,0 days 00:00:22.808000,0 days 00:32:30.792000,0 days 00:33:09.715000,0 days 00:33:32.523000,242.0,270.0,286.0,310.0,SOFT,3.0,True,0 days 00:32:01.832000,Ferrari,LEC,2,True,2021-03-27 15:17:02.217
146,0 days 00:35:32.186000,16,0 days 00:01:59.663000,6,3,,0 days 00:35:30.410000,0 days 00:00:38.530000,0 days 00:00:47.032000,0 days 00:00:34.101000,0 days 00:34:11.053000,0 days 00:34:58.085000,0 days 00:35:32.186000,216.0,194.0,,179.0,SOFT,1.0,True,0 days 00:33:32.523000,Ferrari,LEC,2,False,2021-03-27 15:18:32.908
147,0 days 00:44:49.917000,16,,7,3,0 days 00:42:28.660000,,,0 days 00:01:04.962000,0 days 00:00:36.465000,,0 days 00:44:13.486000,0 days 00:44:49.931000,142.0,199.0,287.0,114.0,SOFT,2.0,True,0 days 00:35:32.186000,Ferrari,LEC,1,False,2021-03-27 15:20:32.571
148,0 days 00:46:20.969000,16,0 days 00:01:31.052000,8,3,,,0 days 00:00:28.945000,0 days 00:00:39.263000,0 days 00:00:22.844000,0 days 00:45:18.862000,0 days 00:45:58.125000,0 days 00:46:20.969000,242.0,270.0,289.0,311.0,SOFT,3.0,True,0 days 00:44:49.917000,Ferrari,LEC,1,True,2021-03-27 15:29:50.302
149,0 days 00:48:18.572000,16,0 days 00:01:57.603000,9,4,,0 days 00:48:16.779000,0 days 00:00:37.036000,0 days 00:00:48.453000,0 days 00:00:32.114000,0 days 00:46:58.005000,0 days 00:47:46.458000,0 days 00:48:18.572000,187.0,196.0,,216.0,SOFT,1.0,True,0 days 00:46:20.969000,Ferrari,LEC,1,False,2021-03-27 15:31:21.354
150,0 days 00:53:38.129000,16,,10,4,0 days 00:51:10.027000,,,0 days 00:01:05.071000,0 days 00:00:41.208000,,0 days 00:52:56.964000,0 days 00:53:38.149000,118.0,192.0,286.0,145.0,SOFT,2.0,True,0 days 00:48:18.572000,Ferrari,LEC,1,False,2021-03-27 15:33:18.957
151,0 days 00:55:08.139000,16,0 days 00:01:30.010000,11,4,,,0 days 00:00:28.640000,0 days 00:00:38.728000,0 days 00:00:22.642000,0 days 00:54:06.769000,0 days 00:54:45.497000,0 days 00:55:08.139000,245.0,269.0,284.0,310.0,SOFT,3.0,True,0 days 00:53:38.129000,Ferrari,LEC,1,True,2021-03-27 15:38:38.514
152,0 days 00:57:06.427000,16,0 days 00:01:58.288000,12,5,,0 days 00:57:04.568000,0 days 00:00:38.035000,0 days 00:00:49.043000,0 days 00:00:31.210000,0 days 00:55:46.174000,0 days 00:56:35.217000,0 days 00:57:06.427000,201.0,202.0,,189.0,SOFT,1.0,True,0 days 00:55:08.139000,Ferrari,LEC,1,False,2021-03-27 15:40:08.524
153,0 days 01:14:12.116000,16,,13,5,0 days 01:11:51.407000,,,0 days 00:00:59.491000,0 days 00:00:41.125000,,0 days 01:13:31.011000,0 days 01:14:12.122000,140.0,146.0,290.0,92.0,SOFT,2.0,True,0 days 00:57:06.427000,Ferrari,LEC,1,False,2021-03-27 15:42:06.812
154,0 days 01:15:41.794000,16,0 days 00:01:29.678000,14,5,,,0 days 00:00:28.419000,0 days 00:00:38.598000,0 days 00:00:22.661000,0 days 01:14:40.535000,0 days 01:15:19.133000,0 days 01:15:41.794000,246.0,269.0,287.0,312.0,SOFT,3.0,True,0 days 01:14:12.116000,Ferrari,LEC,1,True,2021-03-27 15:59:12.501
155,0 days 00:22:55.179000,99,,1,1,0 days 00:20:30.331000,,,0 days 00:00:59.854000,0 days 00:00:40.024000,,0 days 00:22:15.155000,0 days 00:22:55.449000,127.0,189.0,291.0,158.0,SOFT,1.0,True,,Alfa Romeo,GIO,1,False,
156,0 days 00:24:27.549000,99,0 days 00:01:32.370000,2,1,,,0 days 00:00:29.182000,0 days 00:00:40.002000,0 days 00:00:23.186000,0 days 00:23:24.361000,0 days 00:24:04.363000,0 days 00:24:27.549000,242.0,270.0,290.0,316.0,SOFT,2.0,True,0 days 00:22:55.179000,Alfa Romeo,GIO,1,True,2021-03-27 15:07:55.564
157,0 days 00:26:17.321000,99,0 days 00:01:49.772000,3,2,,0 days 00:26:15.602000,0 days 00:00:33.515000,0 days 00:00:44.678000,0 days 00:00:31.579000,0 days 00:25:01.064000,0 days 00:25:45.742000,0 days 00:26:17.321000,220.0,231.0,,252.0,SOFT,1.0,True,0 days 00:24:27.549000,Alfa Romeo,GIO,1,False,2021-03-27 15:09:27.934
158,0 days 00:32:05.009000,99,,4,2,0 days 00:29:44.983000,,,0 days 00:00:59.180000,0 days 00:00:38.047000,,0 days 00:31:27.070000,0 days 00:32:05.271000,161.0,147.0,290.0,116.0,SOFT,2.0,True,0 days 00:26:17.321000,Alfa Romeo,GIO,1,False,2021-03-27 15:11:17.706
159,0 days 00:33:36.007000,99,0 days 00:01:30.998000,5,2,,,0 days 00:00:28.916000,0 days 00:00:39.354000,0 days 00:00:22.728000,0 days 00:32:33.925000,0 days 00:33:13.279000,0 days 00:33:36.007000,243.0,270.0,289.0,316.0,SOFT,3.0,True,0 days 00:32:05.009000,Alfa Romeo,GIO,2,True,2021-03-27 15:17:05.394
160,0 days 00:35:30.361000,99,0 days 00:01:54.354000,6,3,,0 days 00:35:28.672000,0 days 00:00:33.827000,0 days 00:00:46.106000,0 days 00:00:34.421000,0 days 00:34:09.834000,0 days 00:34:55.940000,0 days 00:35:30.361000,223.0,175.0,,203.0,SOFT,1.0,True,0 days 00:33:36.007000,Alfa Romeo,GIO,2,False,2021-03-27 15:18:36.392
161,0 days 00:44:39.608000,99,,7,3,0 days 00:42:26.024000,,,0 days 00:00:56.512000,0 days 00:00:39.677000,,0 days 00:43:59.931000,0 days 00:44:39.648000,157.0,137.0,289.0,165.0,SOFT,5.0,False,0 days 00:35:30.361000,Alfa Romeo,GIO,1,False,2021-03-27 15:20:30.746
162,0 days 00:46:11.989000,99,0 days 00:01:32.381000,8,3,,,0 days 00:00:29.511000,0 days 00:00:39.836000,0 days 00:00:23.034000,0 days 00:45:09.119000,0 days 00:45:48.955000,0 days 00:46:11.989000,240.0,270.0,288.0,314.0,SOFT,6.0,False,0 days 00:44:39.608000,Alfa Romeo,GIO,1,True,2021-03-27 15:29:39.993
163,0 days 00:48:06.248000,99,0 days 00:01:54.259000,9,4,,0 days 00:48:04.454000,0 days 00:00:33.251000,0 days 00:00:46.612000,0 days 00:00:34.396000,0 days 00:46:45.240000,0 days 00:47:31.852000,0 days 00:48:06.248000,219.0,169.0,,284.0,SOFT,4.0,False,0 days 00:46:11.989000,Alfa Romeo,GIO,1,False,2021-03-27 15:31:12.374
164,0 days 00:53:09.970000,99,,10,4,0 days 00:50:58.816000,,,0 days 00:00:57.230000,0 days 00:00:33.581000,,0 days 00:52:36.389000,0 days 00:53:10.076000,160.0,129.0,290.0,118.0,SOFT,2.0,True,0 days 00:48:06.248000,Alfa Romeo,GIO,1,False,2021-03-27 15:33:06.633
165,0 days 00:54:40.678000,99,0 days 00:01:30.708000,11,4,,,0 days 00:00:28.773000,0 days 00:00:39.283000,0 days 00:00:22.652000,0 days 00:53:38.743000,0 days 00:54:18.026000,0 days 00:54:40.678000,244.0,270.0,289.0,316.0,SOFT,3.0,True,0 days 00:53:09.970000,Alfa Romeo,GIO,1,True,2021-03-27 15:38:10.355
166,0 days 00:56:33.019000,99,0 days 00:01:52.341000,12,4,,0 days 00:56:30.967000,0 days 00:00:32.891000,0 days 00:00:47.760000,0 days 00:00:31.690000,0 days 00:55:13.569000,0 days 00:56:01.329000,0 days 00:56:33.019000,194.0,189.0,,259.0,SOFT,4.0,True,0 days 00:54:40.678000,Alfa Romeo,GIO,1,False,2021-03-27 15:39:41.063
167,0 days 00:24:19.824000,22,,1,1,0 days 00:21:49.462000,,,0 days 00:00:58.206000,0 days 00:00:54.197000,,0 days 00:23:25.627000,0 days 00:24:20.060000,154.0,136.0,295.0,146.0,SOFT,1.0,True,,AlphaTauri,TSU,1,False,
168,0 days 00:25:50.431000,22,0 days 00:01:30.607000,2,1,,,0 days 00:00:28.857000,0 days 00:00:39.030000,0 days 00:00:22.720000,0 days 00:24:48.681000,0 days 00:25:27.711000,0 days 00:25:50.431000,244.0,272.0,290.0,318.0,SOFT,2.0,True,0 days 00:24:19.824000,AlphaTauri,TSU,1,True,2021-03-27 15:09:20.209
169,0 days 00:28:02.207000,22,0 days 00:02:11.776000,3,2,,0 days 00:28:00.411000,0 days 00:00:41.958000,0 days 00:01:00.762000,0 days 00:00:29.056000,0 days 00:26:32.389000,0 days 00:27:33.151000,0 days 00:28:02.207000,124.0,203.0,,267.0,SOFT,1.0,True,0 days 00:25:50.431000,AlphaTauri,TSU,1,False,2021-03-27 15:10:50.816
170,0 days 00:45:34.309000,22,,4,2,0 days 00:43:37.647000,,,0 days 00:00:51.714000,0 days 00:00:30.073000,,0 days 00:45:04.236000,0 days 00:45:34.358000,212.0,204.0,291.0,149.0,MEDIUM,2.0,True,0 days 00:28:02.207000,AlphaTauri,TSU,2,False,2021-03-27 15:13:02.592
171,0 days 00:47:05.636000,22,0 days 00:01:31.327000,5,2,,,0 days 00:00:28.952000,0 days 00:00:39.357000,0 days 00:00:23.018000,0 days 00:46:03.261000,0 days 00:46:42.618000,0 days 00:47:05.636000,243.0,273.0,289.0,316.0,MEDIUM,3.0,True,0 days 00:45:34.309000,AlphaTauri,TSU,1,True,2021-03-27 15:30:34.694
172,0 days 00:48:58.197000,22,0 days 00:01:52.561000,6,3,,0 days 00:48:56.384000,0 days 00:00:33.770000,0 days 00:00:48.669000,0 days 00:00:30.122000,0 days 00:47:39.406000,0 days 00:48:28.075000,0 days 00:48:58.197000,209.0,210.0,,297.0,MEDIUM,1.0,True,0 days 00:47:05.636000,AlphaTauri,TSU,1,False,2021-03-27 15:32:06.021
173,0 days 00:53:06.887000,22,,7,3,0 days 00:51:03.220000,,,0 days 00:00:50.372000,0 days 00:00:34.953000,,0 days 00:52:31.947000,0 days 00:53:06.938000,198.0,195.0,289.0,105.0,MEDIUM,2.0,True,0 days 00:48:58.197000,AlphaTauri,TSU,1,False,2021-03-27 15:33:58.582
174,0 days 00:54:38.090000,22,0 days 00:01:31.203000,8,3,,,0 days 00:00:28.990000,0 days 00:00:39.371000,0 days 00:00:22.842000,0 days 00:53:35.877000,0 days 00:54:15.248000,0 days 00:54:38.090000,245.0,272.0,290.0,314.0,MEDIUM,3.0,True,0 days 00:53:06.887000,AlphaTauri,TSU,1,True,2021-03-27 15:38:07.272
175,0 days 00:56:37.099000,22,0 days 00:01:59.009000,9,3,,0 days 00:56:35.252000,0 days 00:00:35.164000,0 days 00:00:51.469000,0 days 00:00:32.376000,0 days 00:55:13.254000,0 days 00:56:04.723000,0 days 00:56:37.099000,177.0,187.0,,266.0,MEDIUM,4.0,True,0 days 00:54:38.090000,AlphaTauri,TSU,1,False,2021-03-27 15:39:38.475
176,0 days 00:23:54.793000,5,,1,1,0 days 00:21:02.570000,,,0 days 00:01:15.964000,0 days 00:00:54.523000,,0 days 00:23:00.270000,0 days 00:23:55.007000,109.0,156.0,290.0,132.0,SOFT,1.0,True,,Aston Martin,VET,1,False,
177,0 days 00:25:26.849000,5,0 days 00:01:32.056000,2,1,,,0 days 00:00:28.858000,0 days 00:00:39.905000,0 days 00:00:23.293000,0 days 00:24:23.651000,0 days 00:25:03.556000,0 days 00:25:26.849000,242.0,261.0,282.0,314.0,SOFT,2.0,True,0 days 00:23:54.793000,Aston Martin,VET,1,True,2021-03-27 15:08:55.178
178,0 days 00:27:22.576000,5,0 days 00:01:55.727000,3,2,,0 days 00:27:20.841000,0 days 00:00:34.607000,0 days 00:00:48.893000,0 days 00:00:32.227000,0 days 00:26:01.456000,0 days 00:26:50.349000,0 days 00:27:22.576000,178.0,202.0,,257.0,SOFT,1.0,True,0 days 00:25:26.849000,Aston Martin,VET,1,False,2021-03-27 15:10:27.234
179,0 days 00:32:59.766000,5,,4,2,0 days 00:30:11.319000,,,0 days 00:01:15.779000,0 days 00:00:46.487000,,0 days 00:32:13.309000,0 days 00:33:00.143000,126.0,154.0,293.0,129.0,SOFT,2.0,True,0 days 00:27:22.576000,Aston Martin,VET,1,False,2021-03-27 15:12:22.961
180,0 days 00:34:31.833000,5,0 days 00:01:32.067000,5,2,,,0 days 00:00:29.163000,0 days 00:00:39.903000,0 days 00:00:23.001000,0 days 00:33:28.929000,0 days 00:34:08.832000,0 days 00:34:31.833000,238.0,267.0,290.0,323.0,SOFT,3.0,True,0 days 00:32:59.766000,Aston Martin,VET,2,True,2021-03-27 15:18:00.151
181,0 days 00:36:34.325000,5,0 days 00:02:02.492000,6,2,,0 days 00:36:32.920000,0 days 00:00:36.400000,0 days 00:00:52.978000,0 days 00:00:33.114000,0 days 00:35:08.233000,0 days 00:36:01.211000,0 days 00:36:34.325000,204.0,168.0,,231.0,SOFT,4.0,True,0 days 00:34:31.833000,Aston Martin,VET,1,False,2021-03-27 15:19:32.218
182,0 days 00:23:48.447000,14,,1,1,0 days 00:21:06.447000,,,0 days 00:01:08.913000,0 days 00:00:52.051000,,0 days 00:22:56.401000,0 days 00:23:48.700000,151.0,98.0,287.0,183.0,SOFT,1.0,True,,Alpine F1 Team,ALO,1,False,
183,0 days 00:25:20.264000,14,0 days 00:01:31.817000,2,1,,,0 days 00:00:29.308000,0 days 00:00:39.499000,0 days 00:00:23.010000,0 days 00:24:17.755000,0 days 00:24:57.254000,0 days 00:25:20.264000,242.0,267.0,286.0,311.0,SOFT,2.0,True,0 days 00:23:48.447000,Alpine F1 Team,ALO,1,True,2021-03-27 15:08:48.832
184,0 days 00:27:20.038000,14,0 days 00:01:59.774000,3,2,,0 days 00:27:18.199000,0 days 00:00:38.563000,0 days 00:00:49.795000,0 days 00:00:31.416000,0 days 00:25:58.827000,0 days 00:26:48.622000,0 days 00:27:20.038000,186.0,200.0,,200.0,SOFT,1.0,True,0 days 00:25:20.264000,Alpine F1 Team,ALO,1,False,2021-03-27 15:10:20.649
185,0 days 00:32:29.345000,14,,4,2,0 days 00:29:49.466000,,,0 days 00:01:13.254000,0 days 00:00:41.272000,,0 days 00:31:48.073000,0 days 00:32:29.676000,104.0,127.0,288.0,137.0,SOFT,2.0,True,0 days 00:27:20.038000,Alpine F1 Team,ALO,1,False,2021-03-27 15:12:20.423
186,0 days 00:34:00.208000,14,0 days 00:01:30.863000,5,2,,,0 days 00:00:28.937000,0 days 00:00:39.209000,0 days 00:00:22.717000,0 days 00:32:58.282000,0 days 00:33:37.491000,0 days 00:34:00.208000,244.0,269.0,284.0,314.0,SOFT,3.0,True,0 days 00:32:29.345000,Alpine F1 Team,ALO,2,True,2021-03-27 15:17:29.730
187,0 days 00:36:02.767000,14,0 days 00:02:02.559000,6,3,,0 days 00:36:01.027000,0 days 00:00:40.261000,0 days 00:00:52.059000,0 days 00:00:30.239000,0 days 00:34:40.469000,0 days 00:35:32.528000,0 days 00:36:02.767000,195.0,204.0,,164.0,SOFT,1.0,True,0 days 00:34:00.208000,Alpine F1 Team,ALO,2,False,2021-03-27 15:19:00.593
188,0 days 00:45:22.491000,14,,7,3,0 days 00:42:41.011000,,,0 days 00:01:18.056000,0 days 00:00:32.850000,,0 days 00:44:49.646000,0 days 00:45:22.563000,122.0,129.0,289.0,127.0,SOFT,2.0,True,0 days 00:36:02.767000,Alpine F1 Team,ALO,1,False,2021-03-27 15:21:03.152
189,0 days 00:46:53.422000,14,0 days 00:01:30.931000,8,3,,,0 days 00:00:28.946000,0 days 00:00:39.205000,0 days 00:00:22.780000,0 days 00:45:51.437000,0 days 00:46:30.642000,0 days 00:46:53.422000,244.0,270.0,285.0,313.0,SOFT,3.0,True,0 days 00:45:22.491000,Alpine F1 Team,ALO,1,True,2021-03-27 15:30:22.876
190,0 days 00:48:56.012000,14,0 days 00:02:02.590000,9,4,,0 days 00:48:54.248000,0 days 00:00:37.802000,0 days 00:00:54.297000,0 days 00:00:30.491000,0 days 00:47:31.224000,0 days 00:48:25.521000,0 days 00:48:56.012000,154.0,203.0,,186.0,SOFT,1.0,True,0 days 00:46:53.422000,Alpine F1 Team,ALO,1,False,2021-03-27 15:31:53.807
191,0 days 00:53:52.044000,14,,10,4,0 days 00:51:19.790000,,,0 days 00:01:10.698000,0 days 00:00:38.390000,,0 days 00:53:13.654000,0 days 00:53:52.068000,133.0,123.0,288.0,161.0,SOFT,2.0,True,0 days 00:48:56.012000,Alpine F1 Team,ALO,1,False,2021-03-27 15:33:56.397
192,0 days 00:55:22.639000,14,0 days 00:01:30.595000,11,4,,,0 days 00:00:28.906000,0 days 00:00:39.047000,0 days 00:00:22.642000,0 days 00:54:20.950000,0 days 00:54:59.997000,0 days 00:55:22.639000,244.0,269.0,287.0,312.0,SOFT,3.0,True,0 days 00:53:52.044000,Alpine F1 Team,ALO,1,True,2021-03-27 15:38:52.429
193,0 days 00:57:26.206000,14,0 days 00:02:03.567000,12,5,,0 days 00:57:24.378000,0 days 00:00:39.499000,0 days 00:00:51.824000,0 days 00:00:32.244000,0 days 00:56:02.138000,0 days 00:56:53.962000,0 days 00:57:26.206000,205.0,186.0,,206.0,SOFT,1.0,True,0 days 00:55:22.639000,Alpine F1 Team,ALO,1,False,2021-03-27 15:40:23.024
194,0 days 01:14:38.255000,14,,13,5,0 days 01:11:52.844000,,,0 days 00:01:25.957000,0 days 00:00:36.994000,,0 days 01:14:01.267000,0 days 01:14:38.262000,152.0,125.0,289.0,138.0,SOFT,2.0,True,0 days 00:57:26.206000,Alpine F1 Team,ALO,1,False,2021-03-27 15:42:26.591
195,0 days 01:16:08.504000,14,0 days 00:01:30.249000,14,5,,,0 days 00:00:28.747000,0 days 00:00:38.806000,0 days 00:00:22.696000,0 days 01:15:07.002000,0 days 01:15:45.808000,0 days 01:16:08.504000,244.0,268.0,288.0,311.0,SOFT,3.0,True,0 days 01:14:38.255000,Alpine F1 Team,ALO,1,True,2021-03-27 15:59:38.640
196,0 days 00:22:31.399000,4,,1,1,0 days 00:20:20.766000,,,0 days 00:00:59.198000,0 days 00:00:29.980000,,0 days 00:22:01.561000,0 days 00:22:31.721000,146.0,181.0,289.0,152.0,SOFT,1.0,True,,McLaren,NOR,1,False,
197,0 days 00:24:03.153000,4,0 days 00:01:31.754000,2,1,,,0 days 00:00:29.257000,0 days 00:00:39.497000,0 days 00:00:23,0 days 00:23:00.656000,0 days 00:23:40.153000,0 days 00:24:03.153000,242.0,265.0,292.0,309.0,SOFT,2.0,True,0 days 00:22:31.399000,McLaren,NOR,1,True,2021-03-27 15:07:31.784
198,0 days 00:26:00.086000,4,0 days 00:01:56.933000,3,2,,0 days 00:25:58.159000,0 days 00:00:34.950000,0 days 00:00:51.571000,0 days 00:00:30.412000,0 days 00:24:38.103000,0 days 00:25:29.674000,0 days 00:26:00.086000,187.0,227.0,,173.0,SOFT,1.0,True,0 days 00:24:03.153000,McLaren,NOR,1,False,2021-03-27 15:09:03.538
199,0 days 00:31:55.797000,4,,4,2,0 days 00:29:42.558000,,,0 days 00:01:00.292000,0 days 00:00:32.058000,,0 days 00:31:23.793000,0 days 00:31:56.037000,134.0,147.0,291.0,153.0,SOFT,2.0,True,0 days 00:26:00.086000,McLaren,NOR,1,False,2021-03-27 15:11:00.471
200,0 days 00:33:26.699000,4,0 days 00:01:30.902000,5,2,,,0 days 00:00:28.792000,0 days 00:00:39.081000,0 days 00:00:23.029000,0 days 00:32:24.589000,0 days 00:33:03.670000,0 days 00:33:26.699000,246.0,269.0,281.0,311.0,SOFT,3.0,True,0 days 00:31:55.797000,McLaren,NOR,2,True,2021-03-27 15:16:56.182
201,0 days 00:35:28.739000,4,0 days 00:02:02.040000,6,3,,0 days 00:35:26.711000,0 days 00:00:38.734000,0 days 00:00:49.604000,0 days 00:00:33.702000,0 days 00:34:05.433000,0 days 00:34:55.037000,0 days 00:35:28.739000,195.0,190.0,,190.0,SOFT,1.0,True,0 days 00:33:26.699000,McLaren,NOR,2,False,2021-03-27 15:18:27.084
202,0 days 00:44:35.470000,4,,7,3,0 days 00:42:24.640000,,,0 days 00:00:55.052000,0 days 00:00:39.921000,,0 days 00:43:55.549000,0 days 00:44:35.503000,179.0,199.0,291.0,181.0,MEDIUM,2.0,True,0 days 00:35:28.739000,McLaren,NOR,1,False,2021-03-27 15:20:29.124
203,0 days 00:46:06.234000,4,0 days 00:01:30.764000,8,3,,,0 days 00:00:28.859000,0 days 00:00:39.088000,0 days 00:00:22.817000,0 days 00:45:04.329000,0 days 00:45:43.417000,0 days 00:46:06.234000,243.0,268.0,285.0,314.0,MEDIUM,3.0,True,0 days 00:44:35.470000,McLaren,NOR,1,True,2021-03-27 15:29:35.855
204,0 days 00:48:01.809000,4,0 days 00:01:55.575000,9,4,,0 days 00:47:59.995000,0 days 00:00:35.705000,0 days 00:00:48.836000,0 days 00:00:31.034000,0 days 00:46:41.939000,0 days 00:47:30.775000,0 days 00:48:01.809000,204.0,183.0,,257.0,MEDIUM,1.0,True,0 days 00:46:06.234000,McLaren,NOR,1,False,2021-03-27 15:31:06.619
205,0 days 00:54:10.067000,4,,10,4,0 days 00:51:27.640000,,,0 days 00:01:13.771000,0 days 00:00:42.179000,,0 days 00:53:27.927000,0 days 00:54:10.153000,143.0,58.0,291.0,111.0,SOFT,2.0,True,0 days 00:48:01.809000,McLaren,NOR,1,False,2021-03-27 15:33:02.194
206,0 days 00:55:40.166000,4,0 days 00:01:30.099000,11,4,,,0 days 00:00:28.634000,0 days 00:00:38.798000,0 days 00:00:22.667000,0 days 00:54:38.701000,0 days 00:55:17.499000,0 days 00:55:40.166000,245.0,270.0,285.0,313.0,SOFT,3.0,True,0 days 00:54:10.067000,McLaren,NOR,1,True,2021-03-27 15:39:10.452
207,0 days 00:57:40.862000,4,0 days 00:02:00.696000,12,5,,0 days 00:57:38.601000,0 days 00:00:37.507000,0 days 00:00:51.186000,0 days 00:00:32.003000,0 days 00:56:17.673000,0 days 00:57:08.859000,0 days 00:57:40.862000,183.0,185.0,,168.0,SOFT,1.0,True,0 days 00:55:40.166000,McLaren,NOR,1,False,2021-03-27 15:40:40.551
208,0 days 01:05:51.044000,4,,13,5,0 days 01:03:38.724000,,,0 days 00:00:57.716000,0 days 00:00:34.229000,,0 days 01:05:16.837000,0 days 01:05:51.075000,140.0,179.0,289.0,157.0,SOFT,5.0,False,0 days 00:57:40.862000,McLaren,NOR,1,False,2021-03-27 15:42:41.247
209,0 days 01:07:22.643000,4,0 days 00:01:31.599000,14,5,,,0 days 00:00:29.140000,0 days 00:00:39.317000,0 days 00:00:23.142000,0 days 01:06:20.184000,0 days 01:06:59.501000,0 days 01:07:22.643000,243.0,271.0,290.0,310.0,SOFT,6.0,False,0 days 01:05:51.044000,McLaren,NOR,1,True,2021-03-27 15:50:51.429
210,0 days 01:09:15.836000,4,0 days 00:01:53.193000,15,6,,0 days 01:09:14.057000,0 days 00:00:36.008000,0 days 00:00:47.521000,0 days 00:00:29.664000,0 days 01:07:58.651000,0 days 01:08:46.172000,0 days 01:09:15.836000,195.0,190.0,,233.0,SOFT,4.0,False,0 days 01:07:22.643000,McLaren,NOR,1,False,2021-03-27 15:52:23.028
211,0 days 01:14:25.307000,4,,16,6,0 days 01:11:53.876000,,,0 days 00:01:01.743000,0 days 00:00:49.653000,,0 days 01:13:35.654000,0 days 01:14:25.384000,169.0,121.0,293.0,147.0,SOFT,2.0,True,0 days 01:09:15.836000,McLaren,NOR,1,False,2021-03-27 15:54:16.221
212,0 days 01:15:55.281000,4,0 days 00:01:29.974000,17,6,,,0 days 00:00:28.624000,0 days 00:00:38.659000,0 days 00:00:22.691000,0 days 01:14:53.931000,0 days 01:15:32.590000,0 days 01:15:55.281000,246.0,268.0,292.0,312.0,SOFT,3.0,True,0 days 01:14:25.307000,McLaren,NOR,1,True,2021-03-27 15:59:25.692
213,0 days 00:17:06.933000,63,,1,1,0 days 00:15:04.376000,,,0 days 00:00:57.873000,0 days 00:00:28.137000,,0 days 00:16:38.796000,0 days 00:17:07.189000,205.0,180.0,289.0,193.0,SOFT,1.0,True,,Williams,RUS,1,False,
214,0 days 00:18:44.756000,63,0 days 00:01:37.823000,2,2,,0 days 00:18:43.029000,0 days 00:00:29.780000,0 days 00:00:40.447000,0 days 00:00:27.596000,0 days 00:17:36.713000,0 days 00:18:17.160000,0 days 00:18:44.756000,235.0,257.0,,312.0,SOFT,1.0,True,0 days 00:17:06.933000,Williams,RUS,1,False,2021-03-27 15:02:07.318
215,0 days 00:22:51.991000,63,,3,2,0 days 00:20:39.059000,,,0 days 00:00:58.143000,0 days 00:00:36.956000,,0 days 00:22:15.040000,0 days 00:22:52.238000,146.0,216.0,293.0,147.0,SOFT,2.0,True,0 days 00:18:44.756000,Williams,RUS,2,False,2021-03-27 15:03:45.141
216,0 days 00:24:24.580000,63,0 days 00:01:32.589000,4,2,,,0 days 00:00:29.344000,0 days 00:00:39.961000,0 days 00:00:23.284000,0 days 00:23:21.335000,0 days 00:24:01.296000,0 days 00:24:24.580000,243.0,267.0,288.0,317.0,SOFT,3.0,True,0 days 00:22:51.991000,Williams,RUS,1,True,2021-03-27 15:07:52.376
217,0 days 00:26:13.764000,63,0 days 00:01:49.184000,5,3,,0 days 00:26:12.064000,0 days 00:00:33.398000,0 days 00:00:46.445000,0 days 00:00:29.341000,0 days 00:24:57.978000,0 days 00:25:44.423000,0 days 00:26:13.764000,218.0,180.0,,262.0,SOFT,1.0,True,0 days 00:24:24.580000,Williams,RUS,1,False,2021-03-27 15:09:24.965
218,0 days 00:31:31.074000,63,,6,3,0 days 00:29:10.799000,,,0 days 00:01:05.740000,0 days 00:00:34.192000,,0 days 00:30:57.049000,0 days 00:31:31.321000,157.0,119.0,290.0,161.0,SOFT,2.0,True,0 days 00:26:13.764000,Williams,RUS,1,False,2021-03-27 15:11:14.149
219,0 days 00:33:02.390000,63,0 days 00:01:31.316000,7,3,,,0 days 00:00:28.861000,0 days 00:00:39.291000,0 days 00:00:23.164000,0 days 00:31:59.935000,0 days 00:32:39.226000,0 days 00:33:02.390000,245.0,272.0,293.0,313.0,SOFT,3.0,True,0 days 00:31:31.074000,Williams,RUS,1,True,2021-03-27 15:16:31.459
220,0 days 00:35:11.337000,63,0 days 00:02:08.947000,8,4,,0 days 00:35:09.284000,0 days 00:00:40.024000,0 days 00:00:53.172000,0 days 00:00:35.751000,0 days 00:33:42.414000,0 days 00:34:35.586000,0 days 00:35:11.337000,163.0,152.0,,140.0,SOFT,1.0,True,0 days 00:33:02.390000,Williams,RUS,2,False,2021-03-27 15:18:02.775
221,0 days 00:49:37.345000,63,,9,4,0 days 00:47:21.481000,,,0 days 00:01:03.641000,0 days 00:00:30.731000,,0 days 00:49:06.621000,0 days 00:49:37.405000,142.0,153.0,289.0,189.0,SOFT,4.0,False,0 days 00:35:11.337000,Williams,RUS,1,False,2021-03-27 15:20:11.722
222,0 days 00:51:10.775000,63,0 days 00:01:33.430000,10,4,,,0 days 00:00:29.523000,0 days 00:00:40.470000,0 days 00:00:23.437000,0 days 00:50:06.868000,0 days 00:50:47.338000,0 days 00:51:10.775000,243.0,260.0,288.0,310.0,SOFT,5.0,False,0 days 00:49:37.345000,Williams,RUS,1,True,2021-03-27 15:34:37.730
223,0 days 00:53:20.361000,63,0 days 00:02:09.586000,11,4,,0 days 00:53:18.114000,0 days 00:00:43.366000,0 days 00:00:52.873000,0 days 00:00:33.347000,0 days 00:51:54.141000,0 days 00:52:47.014000,0 days 00:53:20.361000,142.0,175.0,,112.0,SOFT,6.0,False,0 days 00:51:10.775000,Williams,RUS,1,False,2021-03-27 15:36:11.160
224,0 days 00:17:47.867000,47,,1,1,0 days 00:15:10.785000,,,0 days 00:01:11.983000,0 days 00:00:33.730000,,0 days 00:17:14.146000,0 days 00:17:48.146000,135.0,134.0,286.0,103.0,SOFT,1.0,True,,Haas F1 Team,MSC,1,False,
225,0 days 00:19:21.728000,47,0 days 00:01:33.861000,2,1,,,0 days 00:00:29.645000,0 days 00:00:40.215000,0 days 00:00:24.001000,0 days 00:18:17.512000,0 days 00:18:57.727000,0 days 00:19:21.728000,240.0,267.0,284.0,310.0,SOFT,2.0,True,0 days 00:17:47.867000,Haas F1 Team,MSC,2,True,2021-03-27 15:02:48.252
226,0 days 00:21:08.943000,47,0 days 00:01:47.215000,3,2,,0 days 00:21:06.145000,0 days 00:00:32.369000,0 days 00:00:43.767000,0 days 00:00:31.079000,0 days 00:19:54.097000,0 days 00:20:37.864000,0 days 00:21:08.943000,221.0,243.0,,172.0,SOFT,1.0,True,0 days 00:19:21.728000,Haas F1 Team,MSC,1,False,2021-03-27 15:04:22.113
227,0 days 00:31:37.209000,47,,4,2,0 days 00:29:15.598000,,,0 days 00:01:07.288000,0 days 00:00:34.585000,,0 days 00:31:02.708000,0 days 00:31:37.420000,132.0,132.0,286.0,,SOFT,2.0,True,0 days 00:21:08.943000,Haas F1 Team,MSC,1,False,2021-03-27 15:06:09.328
228,0 days 00:33:09.658000,47,0 days 00:01:32.449000,5,2,,,0 days 00:00:29.295000,0 days 00:00:39.918000,0 days 00:00:23.236000,0 days 00:32:06.504000,0 days 00:32:46.422000,0 days 00:33:09.658000,242.0,266.0,287.0,311.0,SOFT,3.0,True,0 days 00:31:37.209000,Haas F1 Team,MSC,2,True,2021-03-27 15:16:37.594
229,0 days 00:35:07.119000,47,0 days 00:01:57.461000,6,2,,0 days 00:35:05.231000,0 days 00:00:35.249000,0 days 00:00:51.001000,0 days 00:00:31.211000,0 days 00:33:44.907000,0 days 00:34:35.908000,0 days 00:35:07.119000,204.0,182.0,,214.0,SOFT,4.0,True,0 days 00:33:09.658000,Haas F1 Team,MSC,2,False,2021-03-27 15:18:10.043
230,0 days 00:17:43.077000,9,,1,1,0 days 00:15:09.767000,,,0 days 00:01:10.540000,0 days 00:00:31.975000,,0 days 00:17:11.172000,0 days 00:17:43.300000,120.0,110.0,283.0,94.0,SOFT,1.0,True,,Haas F1 Team,MAZ,1,False,
231,0 days 00:19:31.507000,9,0 days 00:01:48.430000,2,2,,0 days 00:19:29.766000,0 days 00:00:29.670000,0 days 00:00:40.482000,0 days 00:00:38.278000,0 days 00:18:12.747000,0 days 00:18:53.229000,0 days 00:19:31.507000,240.0,265.0,,307.0,SOFT,1.0,True,0 days 00:17:43.077000,Haas F1 Team,MAZ,2,False,2021-03-27 15:02:43.462
232,0 days 00:23:39.711000,9,,3,2,0 days 00:21:08.865000,,,0 days 00:01:11.322000,0 days 00:00:35.405000,,0 days 00:23:04.379000,0 days 00:23:39.945000,149.0,99.0,292.0,130.0,SOFT,,True,0 days 00:19:31.507000,Haas F1 Team,MAZ,1,False,2021-03-27 15:04:31.892
233,0 days 00:25:12.984000,9,0 days 00:01:33.273000,4,2,,,0 days 00:00:29.349000,0 days 00:00:40.391000,0 days 00:00:23.533000,0 days 00:24:09.060000,0 days 00:24:49.451000,0 days 00:25:12.984000,242.0,266.0,292.0,320.0,SOFT,,True,0 days 00:23:39.711000,Haas F1 Team,MAZ,1,True,2021-03-27 15:08:40.096
234,0 days 00:27:08.274000,9,0 days 00:01:55.290000,5,3,,0 days 00:27:06.303000,0 days 00:00:36.473000,0 days 00:00:48.370000,0 days 00:00:30.447000,0 days 00:25:49.457000,0 days 00:26:37.827000,0 days 00:27:08.274000,199.0,221.0,,232.0,SOFT,,True,0 days 00:25:12.984000,Haas F1 Team,MAZ,1,False,2021-03-27 15:10:13.369
235,0 days 00:32:54.835000,9,,6,3,0 days 00:30:50.198000,,,0 days 00:00:45.959000,0 days 00:00:39.174000,,0 days 00:32:15.661000,0 days 00:32:55.053000,187.0,217.0,287.0,168.0,SOFT,2.0,True,0 days 00:27:08.274000,Haas F1 Team,MAZ,1,False,2021-03-27 15:12:08.659
236,0 days 00:35:27.457000,9,,7,3,,0 days 00:35:25.489000,0 days 00:01:01.918000,0 days 00:00:57.621000,0 days 00:00:33.108000,0 days 00:33:56.786000,0 days 00:34:54.349000,0 days 00:35:27.632000,151.0,199.0,,316.0,SOFT,3.0,True,0 days 00:32:54.835000,Haas F1 Team,MAZ,2,False,2021-03-27 15:17:55.220
237,0 days 00:17:16.950000,6,,1,1,0 days 00:15:08.212000,,,0 days 00:00:53.778000,0 days 00:00:33.512000,,0 days 00:16:43.446000,0 days 00:17:17.209000,188.0,197.0,290.0,170.0,SOFT,1.0,True,,Williams,LAT,1,False,
238,0 days 00:18:55.154000,6,0 days 00:01:38.204000,2,2,,0 days 00:18:53.338000,0 days 00:00:29.607000,0 days 00:00:41.647000,0 days 00:00:26.950000,0 days 00:17:46.557000,0 days 00:18:28.204000,0 days 00:18:55.154000,241.0,249.0,,314.0,SOFT,1.0,True,0 days 00:17:16.950000,Williams,LAT,1,False,2021-03-27 15:02:17.335
239,0 days 00:23:38.396000,6,,3,2,0 days 00:21:12.412000,,,0 days 00:00:58.009000,0 days 00:00:50.036000,,0 days 00:22:48.429000,0 days 00:23:38.619000,168.0,176.0,290.0,166.0,SOFT,2.0,True,0 days 00:18:55.154000,Williams,LAT,2,False,2021-03-27 15:03:55.539
240,0 days 00:25:10.906000,6,0 days 00:01:32.510000,4,2,,,0 days 00:00:29.297000,0 days 00:00:39.902000,0 days 00:00:23.311000,0 days 00:24:07.693000,0 days 00:24:47.595000,0 days 00:25:10.906000,241.0,265.0,285.0,317.0,SOFT,3.0,True,0 days 00:23:38.396000,Williams,LAT,1,True,2021-03-27 15:08:38.781
241,0 days 00:27:06.790000,6,0 days 00:01:55.884000,5,3,,0 days 00:27:05.030000,0 days 00:00:35.439000,0 days 00:00:49.758000,0 days 00:00:30.687000,0 days 00:25:46.345000,0 days 00:26:36.103000,0 days 00:27:06.790000,202.0,215.0,,293.0,SOFT,1.0,True,0 days 00:25:10.906000,Williams,LAT,1,False,2021-03-27 15:10:11.291
242,0 days 00:31:46.442000,6,,6,3,0 days 00:29:22.028000,,,0 days 00:01:12.732000,0 days 00:00:35.827000,,0 days 00:31:10.792000,0 days 00:31:46.678000,200.0,91.0,291.0,184.0,SOFT,,True,0 days 00:27:06.790000,Williams,LAT,1,False,2021-03-27 15:12:07.175
243,0 days 00:33:18.378000,6,0 days 00:01:31.936000,7,3,,,0 days 00:00:29.174000,0 days 00:00:39.581000,0 days 00:00:23.181000,0 days 00:32:15.616000,0 days 00:32:55.197000,0 days 00:33:18.378000,243.0,272.0,276.0,315.0,SOFT,,True,0 days 00:31:46.442000,Williams,LAT,2,True,2021-03-27 15:16:46.827
244,0 days 00:35:24.747000,6,0 days 00:02:06.369000,8,3,,0 days 00:35:22.627000,0 days 00:00:42.300000,0 days 00:00:50.379000,0 days 00:00:33.690000,0 days 00:34:00.678000,0 days 00:34:51.057000,0 days 00:35:24.747000,219.0,167.0,,119.0,SOFT,,True,0 days 00:33:18.378000,Williams,LAT,2,False,2021-03-27 15:18:18.763
