,Time,DriverNumber,LapTime,LapNumber,Stint,PitOutTime,PitInTime,Sector1Time,Sector2Time,Sector3Time,Sector1SessionTime,Sector2SessionTime,Sector3SessionTime,SpeedI1,SpeedI2,SpeedFL,SpeedST,Compound,TyreLife,FreshTyre,LapStartTime,Team,Driver,TrackStatus,IsAccurate
0,0 days 00:17:44.831000,33,,1,1,,,,,,,,,,,,204.0,,,,,Red Bull,VER,1,False
1,0 days 00:19:46.360000,33,,2,1,0 days 00:17:44.831000,,,0 days 00:00:59.628000,0 days 00:00:27.541000,,0 days 00:19:18.886000,0 days 00:19:46.590000,178.0,168.0,291.0,,SOFT,2.0,True,0 days 00:17:44.831000,Red Bull,VER,1,False
2,0 days 00:21:15.245000,33,0 days 00:01:28.885000,3,1,,,0 days 00:00:28.303000,0 days 00:00:38.310000,0 days 00:00:22.272000,0 days 00:20:14.663000,0 days 00:20:52.973000,0 days 00:21:15.245000,245.0,269.0,289.0,312.0,SOFT,3.0,True,0 days 00:19:46.360000,Red Bull,VER,1,True
3,0 days 00:23:46.557000,33,,4,2,,0 days 00:23:43.989000,0 days 00:00:45.700000,0 days 00:01:07.677000,0 days 00:00:37.889000,0 days 00:22:00.991000,0 days 00:23:08.786000,0 days 00:23:46.742000,126.0,145.0,,190.0,SOFT,1.0,True,0 days 00:21:15.245000,Red Bull,VER,1,False
4,0 days 00:26:46.684000,33,,5,2,0 days 00:24:52.447000,,0 days 00:01:39.160000,0 days 00:00:53.780000,0 days 00:00:27.265000,0 days 00:25:25.662000,0 days 00:26:19.419000,0 days 00:26:46.980000,193.0,192.0,292.0,,UNKNOWN,2.0,False,0 days 00:23:46.557000,Red Bull,VER,1,False
5,0 days 00:28:23.531000,33,0 days 00:01:36.847000,6,3,,0 days 00:28:21.831000,0 days 00:00:28.564000,0 days 00:00:41.578000,0 days 00:00:26.705000,0 days 00:27:15.248000,0 days 00:27:56.826000,0 days 00:28:23.531000,244.0,255.0,,195.0,SOFT,5.0,,0 days 00:26:46.684000,Red Bull,VER,1,False
6,0 days 00:53:05.806000,33,,7,4,0 days 00:43:54.606000,0 days 00:46:07.041000,,0 days 00:00:47.062000,,,0 days 00:45:14.955000,,203.0,227.0,,,MEDIUM,1.0,True,0 days 00:28:23.531000,Red Bull,VER,25,False
7,0 days 00:54:47.960000,33,,8,4,0 days 00:53:05.682000,,,0 days 00:00:45.576000,0 days 00:00:23.838000,,0 days 00:54:24.132000,0 days 00:54:47.999000,214.0,223.0,294.0,164.0,MEDIUM,2.0,True,0 days 00:53:05.806000,Red Bull,VER,1,False
8,0 days 00:56:15.985000,33,0 days 00:01:28.025000,9,4,,,0 days 00:00:28.083000,0 days 00:00:37.883000,0 days 00:00:22.059000,0 days 00:55:16.043000,0 days 00:55:53.926000,0 days 00:56:15.985000,247.0,271.0,292.0,314.0,MEDIUM,3.0,True,0 days 00:54:47.960000,Red Bull,VER,1,True
9,0 days 00:58:17.974000,33,0 days 00:02:01.989000,10,5,,0 days 00:58:16.176000,0 days 00:00:37.062000,0 days 00:00:52.787000,0 days 00:00:32.140000,0 days 00:56:53.047000,0 days 00:57:45.834000,0 days 00:58:17.974000,184.0,190.0,,185.0,MEDIUM,1.0,True,0 days 00:56:15.985000,Red Bull,VER,1,False
10,0 days 01:13:55.112000,33,,11,5,0 days 01:11:54.986000,,,0 days 00:00:52.628000,0 days 00:00:31.133000,,0 days 01:13:24.054000,0 days 01:13:55.154000,179.0,191.0,295.0,,SOFT,2.0,True,0 days 00:58:17.974000,Red Bull,VER,1,False
11,0 days 01:15:22.935000,33,0 days 00:01:27.823000,12,5,,,0 days 00:00:27.860000,0 days 00:00:37.881000,0 days 00:00:22.082000,0 days 01:14:22.972000,0 days 01:15:00.853000,0 days 01:15:22.935000,246.0,272.0,293.0,317.0,SOFT,3.0,True,0 days 01:13:55.112000,Red Bull,VER,1,True
12,0 days 01:17:04.053000,33,0 days 00:01:41.118000,13,6,,0 days 01:17:02.263000,0 days 00:00:31.148000,0 days 00:00:42.285000,0 days 00:00:27.685000,0 days 01:15:54.083000,0 days 01:16:36.368000,0 days 01:17:04.053000,224.0,245.0,,290.0,SOFT,1.0,True,0 days 01:15:22.935000,Red Bull,VER,1,False
13,0 days 01:21:43.668000,33,,14,6,0 days 01:19:27.460000,,,0 days 00:00:56.822000,0 days 00:00:41.087000,,0 days 01:21:02.592000,0 days 01:21:43.680000,160.0,134.0,293.0,114.0,SOFT,2.0,True,0 days 01:17:04.053000,Red Bull,VER,1,False
14,0 days 01:23:11.346000,33,0 days 00:01:27.678000,15,6,,,0 days 00:00:27.764000,0 days 00:00:37.804000,0 days 00:00:22.110000,0 days 01:22:11.432000,0 days 01:22:49.236000,0 days 01:23:11.346000,247.0,271.0,292.0,316.0,SOFT,3.0,True,0 days 01:21:43.668000,Red Bull,VER,1,True
15,0 days 01:25:12.919000,33,0 days 00:02:01.573000,16,6,,0 days 01:25:09.459000,0 days 00:00:37.022000,0 days 00:00:45.830000,0 days 00:00:38.721000,0 days 01:23:48.368000,0 days 01:24:34.198000,0 days 01:25:12.919000,195.0,214.0,,198.0,SOFT,4.0,True,0 days 01:23:11.346000,Red Bull,VER,1,False
16,0 days 00:23:28.426000,44,,1,1,0 days 00:21:22.161000,,,0 days 00:00:57.104000,0 days 00:00:27.809000,,0 days 00:23:00.667000,0 days 00:23:28.650000,144.0,176.0,291.0,146.0,SOFT,1.0,True,,Mercedes,HAM,1,False
17,0 days 00:24:56.769000,44,0 days 00:01:28.343000,2,1,,,0 days 00:00:28.083000,0 days 00:00:38.020000,0 days 00:00:22.240000,0 days 00:23:56.509000,0 days 00:24:34.529000,0 days 00:24:56.769000,246.0,271.0,292.0,319.0,SOFT,2.0,True,0 days 00:23:28.426000,Mercedes,HAM,1,True
18,0 days 00:26:46.183000,44,0 days 00:01:49.414000,3,2,,0 days 00:26:44.401000,0 days 00:00:34.081000,0 days 00:00:45.383000,0 days 00:00:29.950000,0 days 00:25:30.850000,0 days 00:26:16.233000,0 days 00:26:46.183000,220.0,225.0,,278.0,SOFT,1.0,True,0 days 00:24:56.769000,Mercedes,HAM,1,False
19,0 days 00:32:41.745000,44,,4,2,0 days 00:30:17.211000,,,0 days 00:01:06.133000,0 days 00:00:32.914000,,0 days 00:32:08.831000,0 days 00:32:41.979000,127.0,165.0,292.0,110.0,SOFT,5.0,False,0 days 00:26:46.183000,Mercedes,HAM,1,False
20,0 days 00:34:21.973000,44,0 days 00:01:40.228000,5,3,,0 days 00:34:20.228000,0 days 00:00:28.239000,0 days 00:00:45.630000,0 days 00:00:26.359000,0 days 00:33:09.984000,0 days 00:33:55.614000,0 days 00:34:21.973000,245.0,250.0,,319.0,SOFT,4.0,False,0 days 00:32:41.745000,Mercedes,HAM,1,False
21,0 days 00:45:19.722000,44,,6,3,0 days 00:42:57.329000,,,0 days 00:00:59.035000,0 days 00:00:42.360000,,0 days 00:44:37.362000,0 days 00:45:19.747000,160.0,167.0,291.0,131.0,MEDIUM,2.0,True,0 days 00:34:21.973000,Mercedes,HAM,1,False
22,0 days 00:53:38.760000,44,,7,4,,0 days 00:47:35.363000,,,,,,,,,,263.0,MEDIUM,1.0,True,0 days 00:45:19.722000,Mercedes,HAM,25,False
23,0 days 00:55:49.601000,44,,8,4,0 days 00:53:38.646000,,,0 days 00:01:02.692000,0 days 00:00:28.986000,,0 days 00:55:20.620000,0 days 00:55:49.937000,141.0,148.0,291.0,164.0,MEDIUM,2.0,True,0 days 00:53:38.760000,Mercedes,HAM,1,False
24,0 days 00:57:17.187000,44,0 days 00:01:27.586000,9,4,,,0 days 00:00:27.923000,0 days 00:00:37.715000,0 days 00:00:21.948000,0 days 00:56:17.524000,0 days 00:56:55.239000,0 days 00:57:17.187000,247.0,272.0,291.0,318.0,MEDIUM,3.0,True,0 days 00:55:49.601000,Mercedes,HAM,1,True
25,0 days 00:59:17.610000,44,0 days 00:02:00.423000,10,5,,0 days 00:59:16.019000,0 days 00:00:39.316000,0 days 00:00:51.604000,0 days 00:00:29.503000,0 days 00:57:56.503000,0 days 00:58:48.107000,0 days 00:59:17.610000,184.0,209.0,,156.0,MEDIUM,1.0,True,0 days 00:57:17.187000,Mercedes,HAM,1,False
26,0 days 01:13:50.475000,44,,11,5,0 days 01:11:44.706000,,,0 days 00:00:57.218000,0 days 00:00:29.480000,,0 days 01:13:21.014000,0 days 01:13:50.494000,153.0,171.0,292.0,155.0,SOFT,2.0,True,0 days 00:59:17.610000,Mercedes,HAM,1,False
27,0 days 01:15:18.152000,44,0 days 00:01:27.677000,12,5,,,0 days 00:00:27.737000,0 days 00:00:37.909000,0 days 00:00:22.031000,0 days 01:14:18.212000,0 days 01:14:56.121000,0 days 01:15:18.152000,247.0,271.0,292.0,319.0,SOFT,3.0,True,0 days 01:13:50.475000,Mercedes,HAM,1,True
28,0 days 01:17:02.076000,44,0 days 00:01:43.924000,13,6,,0 days 01:17:00.428000,0 days 00:00:31.463000,0 days 00:00:44.052000,0 days 00:00:28.409000,0 days 01:15:49.615000,0 days 01:16:33.667000,0 days 01:17:02.076000,227.0,235.0,,293.0,SOFT,1.0,True,0 days 01:15:18.152000,Mercedes,HAM,1,False
29,0 days 01:21:11.473000,44,,14,6,0 days 01:19:05.290000,,,0 days 00:00:59.531000,0 days 00:00:28.522000,,0 days 01:20:43.008000,0 days 01:21:11.491000,161.0,168.0,292.0,163.0,SOFT,2.0,True,0 days 01:17:02.076000,Mercedes,HAM,1,False
30,0 days 01:22:38.737000,44,0 days 00:01:27.264000,15,6,,,0 days 00:00:27.669000,0 days 00:00:37.742000,0 days 00:00:21.853000,0 days 01:21:39.142000,0 days 01:22:16.884000,0 days 01:22:38.737000,248.0,272.0,292.0,318.0,SOFT,3.0,True,0 days 01:21:11.473000,Mercedes,HAM,1,True
31,0 days 01:24:45,44,0 days 00:02:06.263000,16,6,,0 days 01:24:40.433000,0 days 00:00:38.903000,0 days 00:00:52.359000,0 days 00:00:35.001000,0 days 01:23:17.640000,0 days 01:24:09.999000,0 days 01:24:45,180.0,173.0,,148.0,SOFT,4.0,True,0 days 01:22:38.737000,Mercedes,HAM,1,False
32,0 days 00:23:57.790000,77,,1,1,0 days 00:21:29.593000,,,0 days 00:01:02.871000,0 days 00:00:39.633000,,0 days 00:23:18.157000,0 days 00:23:58.025000,135.0,186.0,291.0,136.0,SOFT,1.0,True,,Mercedes,BOT,1,False
33,0 days 00:25:26.557000,77,0 days 00:01:28.767000,2,1,,,0 days 00:00:28.089000,0 days 00:00:38.426000,0 days 00:00:22.252000,0 days 00:24:25.879000,0 days 00:25:04.305000,0 days 00:25:26.557000,245.0,270.0,293.0,320.0,SOFT,2.0,True,0 days 00:23:57.790000,Mercedes,BOT,1,True
34,0 days 00:27:17.092000,77,0 days 00:01:50.535000,3,2,,0 days 00:27:14.885000,0 days 00:00:34.376000,0 days 00:00:45.623000,0 days 00:00:30.536000,0 days 00:26:00.933000,0 days 00:26:46.556000,0 days 00:27:17.092000,219.0,239.0,,269.0,SOFT,1.0,True,0 days 00:25:26.557000,Mercedes,BOT,1,False
35,0 days 00:32:52.972000,77,,4,2,0 days 00:30:19.624000,,,0 days 00:01:07.534000,0 days 00:00:39.188000,,0 days 00:32:13.784000,0 days 00:32:53.229000,136.0,158.0,291.0,122.0,SOFT,5.0,False,0 days 00:27:17.092000,Mercedes,BOT,1,False
36,0 days 00:34:30.992000,77,0 days 00:01:38.020000,5,3,,0 days 00:34:29.186000,0 days 00:00:28.092000,0 days 00:00:40.595000,0 days 00:00:29.333000,0 days 00:33:21.064000,0 days 00:34:01.659000,0 days 00:34:30.992000,246.0,226.0,,320.0,SOFT,4.0,False,0 days 00:32:52.972000,Mercedes,BOT,1,False
37,0 days 00:45:42.615000,77,,6,3,0 days 00:42:59.425000,,,0 days 00:00:57.660000,0 days 00:00:57.202000,,0 days 00:44:45.413000,0 days 00:45:42.648000,154.0,222.0,274.0,91.0,MEDIUM,2.0,True,0 days 00:34:30.992000,Mercedes,BOT,2,False
38,0 days 00:53:44.335000,77,,7,4,,0 days 00:48:00.689000,,,,,,,,,,,MEDIUM,1.0,True,0 days 00:45:42.615000,Mercedes,BOT,25,False
39,0 days 00:55:56.749000,77,,8,4,0 days 00:53:44.206000,,,0 days 00:01:03.320000,0 days 00:00:30.857000,,0 days 00:55:25.892000,0 days 00:55:56.757000,154.0,143.0,292.0,152.0,MEDIUM,2.0,True,0 days 00:53:44.335000,Mercedes,BOT,1,False
40,0 days 00:57:24.812000,77,0 days 00:01:28.063000,9,4,,,0 days 00:00:27.971000,0 days 00:00:37.977000,0 days 00:00:22.115000,0 days 00:56:24.720000,0 days 00:57:02.697000,0 days 00:57:24.812000,247.0,271.0,290.0,320.0,MEDIUM,3.0,True,0 days 00:55:56.749000,Mercedes,BOT,1,True
41,0 days 00:59:20.851000,77,0 days 00:01:56.039000,10,5,,0 days 00:59:19.047000,0 days 00:00:36.218000,0 days 00:00:49.378000,0 days 00:00:30.443000,0 days 00:58:01.030000,0 days 00:58:50.408000,0 days 00:59:20.851000,219.0,201.0,,276.0,MEDIUM,1.0,True,0 days 00:57:24.812000,Mercedes,BOT,1,False
42,0 days 01:14:03.172000,77,,11,5,0 days 01:11:50.080000,,,0 days 00:00:55.265000,0 days 00:00:37.706000,,0 days 01:13:25.488000,0 days 01:14:03.180000,169.0,179.0,292.0,138.0,SOFT,2.0,True,0 days 00:59:20.851000,Mercedes,BOT,1,False
43,0 days 01:15:31.093000,77,0 days 00:01:27.921000,12,5,,,0 days 00:00:27.816000,0 days 00:00:38.025000,0 days 00:00:22.080000,0 days 01:14:30.988000,0 days 01:15:09.013000,0 days 01:15:31.093000,246.0,271.0,291.0,319.0,SOFT,3.0,True,0 days 01:14:03.172000,Mercedes,BOT,1,True
44,0 days 01:17:19.759000,77,0 days 00:01:48.666000,13,6,,0 days 01:17:17.934000,0 days 00:00:33.414000,0 days 00:00:46.825000,0 days 00:00:28.427000,0 days 01:16:04.507000,0 days 01:16:51.332000,0 days 01:17:19.759000,222.0,238.0,,288.0,SOFT,1.0,True,0 days 01:15:31.093000,Mercedes,BOT,1,False
45,0 days 01:21:31.556000,77,,14,6,0 days 01:19:12.228000,,,0 days 00:01:01.969000,0 days 00:00:34.806000,,0 days 01:20:56.797000,0 days 01:21:31.586000,150.0,161.0,292.0,140.0,SOFT,2.0,True,0 days 01:17:19.759000,Mercedes,BOT,1,False
46,0 days 01:22:59.109000,77,0 days 00:01:27.553000,15,6,,,0 days 00:00:27.729000,0 days 00:00:37.777000,0 days 00:00:22.047000,0 days 01:21:59.285000,0 days 01:22:37.062000,0 days 01:22:59.109000,247.0,271.0,291.0,320.0,SOFT,3.0,True,0 days 01:21:31.556000,Mercedes,BOT,1,True
47,0 days 01:25:04.767000,77,0 days 00:02:05.658000,16,6,,0 days 01:24:59.774000,0 days 00:00:36.519000,0 days 00:00:52.917000,0 days 00:00:36.222000,0 days 01:23:35.628000,0 days 01:24:28.545000,0 days 01:25:04.767000,163.0,165.0,,168.0,SOFT,4.0,True,0 days 01:22:59.109000,Mercedes,BOT,1,False
48,0 days 00:24:46.653000,23,,1,1,0 days 00:22:06.514000,,,0 days 00:00:56.728000,0 days 00:01:03.624000,,0 days 00:23:43.120000,0 days 00:24:46.940000,180.0,118.0,295.0,138.0,SOFT,1.0,True,,Red Bull,ALB,1,False
49,0 days 00:26:16.029000,23,0 days 00:01:29.376000,2,1,,,0 days 00:00:28.616000,0 days 00:00:38.376000,0 days 00:00:22.384000,0 days 00:25:15.269000,0 days 00:25:53.645000,0 days 00:26:16.029000,243.0,270.0,292.0,324.0,SOFT,2.0,True,0 days 00:24:46.653000,Red Bull,ALB,1,True
50,0 days 00:28:13.446000,23,0 days 00:01:57.417000,3,2,,0 days 00:28:11.721000,0 days 00:00:37.439000,0 days 00:00:49.281000,0 days 00:00:30.697000,0 days 00:26:53.468000,0 days 00:27:42.749000,0 days 00:28:13.446000,202.0,188.0,,222.0,SOFT,1.0,True,0 days 00:26:16.029000,Red Bull,ALB,1,False
51,0 days 00:32:26.468000,23,,4,2,0 days 00:30:16.103000,,,0 days 00:00:57.517000,0 days 00:00:33.177000,,0 days 00:31:53.378000,0 days 00:32:26.729000,167.0,155.0,293.0,167.0,SOFT,2.0,True,0 days 00:28:13.446000,Red Bull,ALB,1,False
52,0 days 00:33:55.200000,23,0 days 00:01:28.732000,5,2,,,0 days 00:00:28.195000,0 days 00:00:38.183000,0 days 00:00:22.354000,0 days 00:32:54.663000,0 days 00:33:32.846000,0 days 00:33:55.200000,245.0,272.0,291.0,319.0,SOFT,3.0,True,0 days 00:32:26.468000,Red Bull,ALB,1,True
53,0 days 00:35:54.200000,23,0 days 00:01:59,6,3,,0 days 00:35:52.472000,0 days 00:00:39.174000,0 days 00:00:49.350000,0 days 00:00:30.476000,0 days 00:34:34.374000,0 days 00:35:23.724000,0 days 00:35:54.200000,208.0,199.0,,208.0,SOFT,1.0,True,0 days 00:33:55.200000,Red Bull,ALB,1,False
54,0 days 00:53:07.604000,23,,7,4,0 days 00:43:59.706000,0 days 00:46:13.161000,,0 days 00:00:47.438000,,,0 days 00:45:20.528000,,202.0,218.0,,174.0,MEDIUM,1.0,True,0 days 00:35:54.200000,Red Bull,ALB,25,False
55,0 days 00:54:57.954000,23,,8,4,0 days 00:53:07.536000,,,0 days 00:00:47.096000,0 days 00:00:29.356000,,0 days 00:54:28.635000,0 days 00:54:58.008000,210.0,206.0,294.0,177.0,MEDIUM,2.0,True,0 days 00:53:07.604000,Red Bull,ALB,1,False
56,0 days 00:56:26.703000,23,0 days 00:01:28.749000,9,4,,,0 days 00:00:28.122000,0 days 00:00:38.412000,0 days 00:00:22.215000,0 days 00:55:26.076000,0 days 00:56:04.488000,0 days 00:56:26.703000,246.0,272.0,291.0,321.0,MEDIUM,3.0,True,0 days 00:54:57.954000,Red Bull,ALB,1,True
57,0 days 00:58:25.557000,23,0 days 00:01:58.854000,10,5,,0 days 00:58:23.760000,0 days 00:00:35.994000,0 days 00:00:51.021000,0 days 00:00:31.839000,0 days 00:57:02.697000,0 days 00:57:53.718000,0 days 00:58:25.557000,178.0,174.0,,241.0,MEDIUM,1.0,True,0 days 00:56:26.703000,Red Bull,ALB,1,False
58,0 days 01:01:59.022000,23,,11,5,0 days 01:00:05.961000,,,0 days 00:00:49.935000,0 days 00:00:26.433000,,0 days 01:01:32.591000,0 days 01:01:59.022000,163.0,176.0,293.0,169.0,SOFT,2.0,True,0 days 00:58:25.557000,Red Bull,ALB,1,False
59,0 days 01:04:00.611000,23,0 days 00:02:01.589000,12,6,,0 days 01:03:58.800000,0 days 00:00:28.092000,0 days 00:00:58.546000,0 days 00:00:34.951000,0 days 01:02:27.114000,0 days 01:03:25.660000,0 days 01:04:00.611000,237.0,160.0,,318.0,SOFT,1.0,True,0 days 01:01:59.022000,Red Bull,ALB,1,False
60,0 days 01:14:07.825000,23,,13,6,0 days 01:11:58.468000,,,0 days 00:00:52.771000,0 days 00:00:40.494000,,0 days 01:13:27.429000,0 days 01:14:07.860000,182.0,130.0,293.0,146.0,SOFT,4.0,False,0 days 01:04:00.611000,Red Bull,ALB,1,False
61,0 days 01:15:36.708000,23,0 days 00:01:28.883000,14,6,,,0 days 00:00:28.063000,0 days 00:00:38.445000,0 days 00:00:22.375000,0 days 01:14:35.888000,0 days 01:15:14.333000,0 days 01:15:36.708000,244.0,270.0,292.0,319.0,SOFT,5.0,False,0 days 01:14:07.825000,Red Bull,ALB,1,True
62,0 days 01:17:26.166000,23,0 days 00:01:49.458000,15,7,,0 days 01:17:24.409000,0 days 00:00:32.750000,0 days 00:00:47.788000,0 days 00:00:28.920000,0 days 01:16:09.458000,0 days 01:16:57.246000,0 days 01:17:26.166000,209.0,204.0,,265.0,SOFT,3.0,False,0 days 01:15:36.708000,Red Bull,ALB,1,False
63,0 days 01:21:48.929000,23,,16,7,0 days 01:19:36.823000,,,0 days 00:00:55.600000,0 days 00:00:41.264000,,0 days 01:21:07.679000,0 days 01:21:48.929000,191.0,217.0,293.0,144.0,SOFT,,True,0 days 01:17:26.166000,Red Bull,ALB,1,False
64,0 days 01:23:17.203000,23,0 days 00:01:28.274000,17,7,,,0 days 00:00:27.926000,0 days 00:00:38.118000,0 days 00:00:22.230000,0 days 01:22:16.855000,0 days 01:22:54.973000,0 days 01:23:17.203000,246.0,272.0,293.0,320.0,SOFT,,True,0 days 01:21:48.929000,Red Bull,ALB,1,True
65,0 days 00:24:26.762000,55,,1,1,0 days 00:21:53.462000,,,0 days 00:00:58.501000,0 days 00:00:59.038000,,0 days 00:23:27.784000,0 days 00:24:27.022000,192.0,171.0,295.0,150.0,SOFT,1.0,True,,McLaren,SAI,1,False
66,0 days 00:25:55.737000,55,0 days 00:01:28.975000,2,1,,,0 days 00:00:28.194000,0 days 00:00:38.350000,0 days 00:00:22.431000,0 days 00:24:54.956000,0 days 00:25:33.306000,0 days 00:25:55.737000,245.0,271.0,293.0,325.0,SOFT,2.0,True,0 days 00:24:26.762000,McLaren,SAI,1,True
67,0 days 00:27:53.035000,55,0 days 00:01:57.298000,3,2,,0 days 00:27:51.128000,0 days 00:00:35.954000,0 days 00:00:49.671000,0 days 00:00:31.673000,0 days 00:26:31.691000,0 days 00:27:21.362000,0 days 00:27:53.035000,190.0,184.0,,237.0,SOFT,1.0,True,0 days 00:25:55.737000,McLaren,SAI,1,False
68,0 days 00:45:11.086000,55,,4,2,0 days 00:42:54.017000,,,0 days 00:00:59.369000,0 days 00:00:37.960000,,0 days 00:44:33.159000,0 days 00:45:11.086000,196.0,180.0,294.0,159.0,MEDIUM,2.0,True,0 days 00:27:53.035000,McLaren,SAI,1,False
69,0 days 00:23:51.203000,10,,1,1,0 days 00:21:37.746000,,,0 days 00:00:57.672000,0 days 00:00:34.868000,,0 days 00:23:16.417000,0 days 00:23:51.501000,145.0,173.0,294.0,99.0,SOFT,1.0,True,,AlphaTauri,GAS,1,False
70,0 days 00:25:20.174000,10,0 days 00:01:28.971000,2,1,,,0 days 00:00:28.210000,0 days 00:00:38.267000,0 days 00:00:22.494000,0 days 00:24:19.413000,0 days 00:24:57.680000,0 days 00:25:20.174000,247.0,272.0,293.0,323.0,SOFT,2.0,True,0 days 00:23:51.203000,AlphaTauri,GAS,1,True
71,0 days 00:27:14.039000,10,0 days 00:01:53.865000,3,2,,0 days 00:27:12.355000,0 days 00:00:33.989000,0 days 00:00:49.694000,0 days 00:00:30.182000,0 days 00:25:54.163000,0 days 00:26:43.857000,0 days 00:27:14.039000,201.0,196.0,,278.0,SOFT,1.0,True,0 days 00:25:20.174000,AlphaTauri,GAS,1,False
72,0 days 00:45:05.655000,10,,4,2,0 days 00:42:43.133000,,,0 days 00:01:03.203000,0 days 00:00:38.212000,,0 days 00:44:27.443000,0 days 00:45:05.771000,126.0,160.0,281.0,129.0,SOFT,2.0,True,0 days 00:27:14.039000,AlphaTauri,GAS,1,False
73,0 days 00:58:47.765000,10,,5,3,,0 days 00:47:03.386000,0 days 00:00:29.315000,,,0 days 00:45:35.010000,,,244.0,,,321.0,SOFT,1.0,True,0 days 00:45:05.655000,AlphaTauri,GAS,25,False
74,0 days 01:00:48.955000,10,,6,3,0 days 00:58:47.678000,,,0 days 00:00:51.057000,0 days 00:00:33.611000,,0 days 01:00:15.344000,0 days 01:00:48.967000,163.0,192.0,294.0,160.0,MEDIUM,2.0,True,0 days 00:58:47.765000,AlphaTauri,GAS,1,False
75,0 days 01:02:17.963000,10,0 days 00:01:29.008000,7,3,,,0 days 00:00:28.264000,0 days 00:00:38.291000,0 days 00:00:22.453000,0 days 01:01:17.219000,0 days 01:01:55.510000,0 days 01:02:17.963000,247.0,272.0,293.0,322.0,MEDIUM,3.0,True,0 days 01:00:48.955000,AlphaTauri,GAS,1,True
76,0 days 01:04:20.912000,10,0 days 00:02:02.949000,8,4,,0 days 01:04:19.120000,0 days 00:00:39.870000,0 days 00:00:52.338000,0 days 00:00:30.741000,0 days 01:02:57.833000,0 days 01:03:50.171000,0 days 01:04:20.912000,135.0,209.0,,281.0,MEDIUM,1.0,True,0 days 01:02:17.963000,AlphaTauri,GAS,1,False
77,0 days 01:13:37.904000,10,,9,4,0 days 01:11:40.398000,,,0 days 00:00:53.255000,0 days 00:00:27.353000,,0 days 01:13:10.551000,0 days 01:13:37.915000,162.0,190.0,294.0,165.0,SOFT,2.0,True,0 days 01:04:20.912000,AlphaTauri,GAS,1,False
78,0 days 01:15:06.718000,10,0 days 00:01:28.814000,10,4,,,0 days 00:00:28.113000,0 days 00:00:38.283000,0 days 00:00:22.418000,0 days 01:14:06.017000,0 days 01:14:44.300000,0 days 01:15:06.718000,247.0,272.0,292.0,321.0,SOFT,3.0,True,0 days 01:13:37.904000,AlphaTauri,GAS,1,True
79,0 days 01:16:59.670000,10,0 days 00:01:52.952000,11,5,,0 days 01:16:57.892000,0 days 00:00:33.925000,0 days 00:00:48.723000,0 days 00:00:30.304000,0 days 01:15:40.643000,0 days 01:16:29.366000,0 days 01:16:59.670000,208.0,211.0,,307.0,SOFT,1.0,True,0 days 01:15:06.718000,AlphaTauri,GAS,1,False
80,0 days 01:21:18.112000,10,,12,5,0 days 01:19:08.171000,,,0 days 00:00:57.125000,0 days 00:00:32.989000,,0 days 01:20:45.173000,0 days 01:21:18.112000,153.0,144.0,293.0,152.0,SOFT,2.0,True,0 days 01:16:59.670000,AlphaTauri,GAS,1,False
81,0 days 01:22:46.560000,10,0 days 00:01:28.448000,13,5,,,0 days 00:00:28.147000,0 days 00:00:38.079000,0 days 00:00:22.222000,0 days 01:21:46.259000,0 days 01:22:24.338000,0 days 01:22:46.560000,248.0,272.0,292.0,320.0,SOFT,3.0,True,0 days 01:21:18.112000,AlphaTauri,GAS,1,True
82,0 days 00:24:09.367000,4,,1,1,0 days 00:21:49.070000,,,,,,,,211.0,,292.0,156.0,SOFT,1.0,True,,McLaren,NOR,1,False
83,0 days 00:25:38.831000,4,0 days 00:01:29.464000,2,1,,,0 days 00:00:28.344000,0 days 00:00:38.360000,0 days 00:00:22.760000,0 days 00:24:37.711000,0 days 00:25:16.071000,0 days 00:25:38.831000,243.0,271.0,282.0,320.0,SOFT,2.0,True,0 days 00:24:09.367000,McLaren,NOR,1,True
84,0 days 00:27:30.764000,4,0 days 00:01:51.933000,3,2,,0 days 00:27:28.745000,0 days 00:00:35.005000,0 days 00:00:47.075000,0 days 00:00:29.853000,0 days 00:26:13.836000,0 days 00:27:00.911000,0 days 00:27:30.764000,175.0,185.0,,243.0,SOFT,1.0,True,0 days 00:25:38.831000,McLaren,NOR,1,False
85,0 days 00:32:59.653000,4,,4,2,0 days 00:30:28.238000,,,0 days 00:01:06.131000,0 days 00:00:41.365000,,0 days 00:32:18.373000,0 days 00:32:59.910000,199.0,140.0,297.0,145.0,SOFT,2.0,True,0 days 00:27:30.764000,McLaren,NOR,1,False
86,0 days 00:34:42.735000,4,0 days 00:01:43.082000,5,3,,0 days 00:34:40.797000,0 days 00:00:28.027000,0 days 00:00:38.636000,0 days 00:00:36.419000,0 days 00:33:27.680000,0 days 00:34:06.316000,0 days 00:34:42.735000,244.0,209.0,,323.0,SOFT,1.0,True,0 days 00:32:59.653000,McLaren,NOR,1,False
87,0 days 00:53:04.248000,4,,6,4,0 days 00:43:43.105000,0 days 00:48:06.154000,,0 days 00:00:51.615000,,,0 days 00:45:08.318000,,175.0,188.0,,188.0,MEDIUM,1.0,True,0 days 00:34:42.735000,McLaren,NOR,25,False
88,0 days 00:54:53.644000,4,,7,4,0 days 00:53:04.125000,,,0 days 00:00:49.263000,0 days 00:00:26.250000,,0 days 00:54:27.420000,0 days 00:54:53.681000,208.0,205.0,294.0,160.0,MEDIUM,2.0,True,0 days 00:53:04.248000,McLaren,NOR,1,False
89,0 days 00:56:22.521000,4,0 days 00:01:28.877000,8,4,,,0 days 00:00:28.213000,0 days 00:00:38.301000,0 days 00:00:22.363000,0 days 00:55:21.857000,0 days 00:56:00.158000,0 days 00:56:22.521000,245.0,270.0,291.0,321.0,MEDIUM,3.0,True,0 days 00:54:53.644000,McLaren,NOR,1,True
90,0 days 00:58:20.509000,4,0 days 00:01:57.988000,9,5,,0 days 00:58:18.723000,0 days 00:00:34.226000,0 days 00:00:51.755000,0 days 00:00:32.007000,0 days 00:56:56.747000,0 days 00:57:48.502000,0 days 00:58:20.509000,176.0,179.0,,244.0,MEDIUM,1.0,True,0 days 00:56:22.521000,McLaren,NOR,1,False
91,0 days 01:01:40.065000,4,,10,5,0 days 00:59:46.475000,,,0 days 00:00:52.575000,0 days 00:00:26.389000,,0 days 01:01:13.681000,0 days 01:01:40.072000,167.0,186.0,293.0,176.0,SOFT,2.0,True,0 days 00:58:20.509000,McLaren,NOR,1,False
92,0 days 01:03:26.851000,4,0 days 00:01:46.786000,11,6,,0 days 01:03:25.023000,0 days 00:00:28.143000,0 days 00:00:44.864000,0 days 00:00:33.779000,0 days 01:02:08.208000,0 days 01:02:53.072000,0 days 01:03:26.851000,246.0,209.0,,319.0,SOFT,1.0,True,0 days 01:01:40.065000,McLaren,NOR,1,False
93,0 days 01:13:06.098000,4,,12,6,0 days 01:11:03.219000,,,0 days 00:00:55.690000,0 days 00:00:27.381000,,0 days 01:12:38.760000,0 days 01:13:06.126000,159.0,172.0,292.0,144.0,SOFT,4.0,False,0 days 01:03:26.851000,McLaren,NOR,1,False
94,0 days 01:14:35.127000,4,0 days 00:01:29.029000,13,6,,,0 days 00:00:28.334000,0 days 00:00:38.395000,0 days 00:00:22.300000,0 days 01:13:34.432000,0 days 01:14:12.827000,0 days 01:14:35.127000,244.0,269.0,290.0,316.0,SOFT,5.0,False,0 days 01:13:06.098000,McLaren,NOR,1,True
95,0 days 01:16:28.092000,4,0 days 00:01:52.965000,14,7,,0 days 01:16:26.307000,0 days 00:00:34.590000,0 days 00:00:48.999000,0 days 00:00:29.376000,0 days 01:15:09.717000,0 days 01:15:58.716000,0 days 01:16:28.092000,185.0,196.0,,244.0,SOFT,3.0,False,0 days 01:14:35.127000,McLaren,NOR,1,False
96,0 days 01:21:38.069000,4,,15,7,0 days 01:19:19.870000,,,0 days 00:00:56.967000,0 days 00:00:39.441000,,0 days 01:20:58.633000,0 days 01:21:38.099000,114.0,159.0,293.0,148.0,SOFT,2.0,True,0 days 01:16:28.092000,McLaren,NOR,1,False
97,0 days 01:23:06.611000,4,0 days 00:01:28.542000,16,7,,,0 days 00:00:28.178000,0 days 00:00:38.069000,0 days 00:00:22.295000,0 days 01:22:06.247000,0 days 01:22:44.316000,0 days 01:23:06.611000,246.0,270.0,290.0,320.0,SOFT,3.0,True,0 days 01:21:38.069000,McLaren,NOR,1,True
98,0 days 00:23:39.537000,26,,1,1,0 days 00:21:24.579000,,,0 days 00:01:02.612000,0 days 00:00:31.416000,,0 days 00:23:08.223000,0 days 00:23:39.804000,138.0,148.0,293.0,158.0,SOFT,1.0,True,,AlphaTauri,KVY,1,False
99,0 days 00:25:09.311000,26,0 days 00:01:29.774000,2,1,,,0 days 00:00:28.663000,0 days 00:00:38.591000,0 days 00:00:22.520000,0 days 00:24:08.200000,0 days 00:24:46.791000,0 days 00:25:09.311000,245.0,271.0,293.0,323.0,SOFT,2.0,True,0 days 00:23:39.537000,AlphaTauri,KVY,1,True
100,0 days 00:26:53.984000,26,0 days 00:01:44.673000,3,2,,0 days 00:26:52.261000,0 days 00:00:33.243000,0 days 00:00:42.799000,0 days 00:00:28.631000,0 days 00:25:42.554000,0 days 00:26:25.353000,0 days 00:26:53.984000,222.0,242.0,,268.0,SOFT,1.0,True,0 days 00:25:09.311000,AlphaTauri,KVY,1,False
101,0 days 00:31:56.309000,26,,4,2,0 days 00:29:35.210000,,,0 days 00:01:02.370000,0 days 00:00:37.876000,,0 days 00:31:18.512000,0 days 00:31:56.607000,148.0,147.0,293.0,160.0,SOFT,2.0,True,0 days 00:26:53.984000,AlphaTauri,KVY,1,False
102,0 days 00:33:25.467000,26,0 days 00:01:29.158000,5,2,,,0 days 00:00:28.445000,0 days 00:00:38.455000,0 days 00:00:22.258000,0 days 00:32:24.754000,0 days 00:33:03.209000,0 days 00:33:25.467000,246.0,272.0,293.0,323.0,SOFT,3.0,True,0 days 00:31:56.309000,AlphaTauri,KVY,1,True
103,0 days 00:35:22.668000,26,0 days 00:01:57.201000,6,3,,0 days 00:35:20.987000,0 days 00:00:35.856000,0 days 00:00:48.448000,0 days 00:00:32.897000,0 days 00:34:01.323000,0 days 00:34:49.771000,0 days 00:35:22.668000,193.0,207.0,,270.0,SOFT,1.0,True,0 days 00:33:25.467000,AlphaTauri,KVY,1,False
104,0 days 00:44:42.514000,26,,7,3,0 days 00:42:29.284000,,,0 days 00:01:00.655000,0 days 00:00:31.873000,,0 days 00:44:10.641000,0 days 00:44:42.563000,152.0,141.0,294.0,161.0,SOFT,2.0,True,0 days 00:35:22.668000,AlphaTauri,KVY,1,False
105,0 days 00:58:36.876000,26,,8,4,,0 days 00:46:27.930000,0 days 00:00:28.356000,0 days 00:00:38.319000,,0 days 00:45:10.868000,0 days 00:45:49.221000,,247.0,272.0,,321.0,SOFT,1.0,True,0 days 00:44:42.514000,AlphaTauri,KVY,25,False
106,0 days 01:00:38.365000,26,,9,4,0 days 00:58:36.876000,,,0 days 00:00:53.773000,0 days 00:00:30.594000,,0 days 01:00:07.800000,0 days 01:00:38.420000,180.0,203.0,293.0,176.0,MEDIUM,,True,0 days 00:58:36.876000,AlphaTauri,KVY,1,False
107,0 days 01:02:07.309000,26,0 days 00:01:28.944000,10,4,,,0 days 00:00:28.435000,0 days 00:00:38.266000,0 days 00:00:22.243000,0 days 01:01:06.800000,0 days 01:01:45.066000,0 days 01:02:07.309000,246.0,272.0,288.0,317.0,MEDIUM,,True,0 days 01:00:38.365000,AlphaTauri,KVY,1,True
108,0 days 01:04:02.955000,26,0 days 00:01:55.646000,11,5,,0 days 01:04:01.197000,0 days 00:00:35.233000,0 days 00:00:48.572000,0 days 00:00:31.841000,0 days 01:02:42.542000,0 days 01:03:31.114000,0 days 01:04:02.955000,198.0,176.0,,229.0,MEDIUM,,True,0 days 01:02:07.309000,AlphaTauri,KVY,1,False
109,0 days 01:13:10.907000,26,,12,5,0 days 01:11:05.635000,,,0 days 00:00:55.326000,0 days 00:00:30.321000,,0 days 01:12:40.628000,0 days 01:13:10.913000,179.0,199.0,293.0,155.0,SOFT,4.0,False,0 days 01:04:02.955000,AlphaTauri,KVY,1,False
110,0 days 01:14:40.313000,26,0 days 00:01:29.406000,13,5,,,0 days 00:00:28.470000,0 days 00:00:38.606000,0 days 00:00:22.330000,0 days 01:13:39.377000,0 days 01:14:17.983000,0 days 01:14:40.313000,246.0,272.0,292.0,319.0,SOFT,5.0,False,0 days 01:13:10.907000,AlphaTauri,KVY,1,True
111,0 days 01:16:30.398000,26,0 days 00:01:50.085000,14,6,,0 days 01:16:28.611000,0 days 00:00:34.104000,0 days 00:00:46.432000,0 days 00:00:29.549000,0 days 01:15:14.417000,0 days 01:16:00.849000,0 days 01:16:30.398000,198.0,210.0,,260.0,SOFT,3.0,False,0 days 01:14:40.313000,AlphaTauri,KVY,1,False
112,0 days 01:21:23.722000,26,,15,6,0 days 01:19:10.493000,,,0 days 00:01:00.586000,0 days 00:00:32.055000,,0 days 01:20:51.667000,0 days 01:21:23.737000,166.0,150.0,293.0,157.0,SOFT,2.0,True,0 days 01:16:30.398000,AlphaTauri,KVY,1,False
113,0 days 01:22:52.340000,26,0 days 00:01:28.618000,16,6,,,0 days 00:00:28.093000,0 days 00:00:38.307000,0 days 00:00:22.218000,0 days 01:21:51.815000,0 days 01:22:30.122000,0 days 01:22:52.340000,247.0,272.0,290.0,320.0,SOFT,3.0,True,0 days 01:21:23.722000,AlphaTauri,KVY,1,True
114,0 days 00:24:03.310000,18,,1,1,0 days 00:21:55.018000,,,0 days 00:00:51.034000,0 days 00:00:42.648000,,0 days 00:23:20.724000,0 days 00:24:03.567000,188.0,212.0,293.0,170.0,MEDIUM,1.0,True,,Racing Point,STR,1,False
115,0 days 00:25:33.288000,18,0 days 00:01:29.978000,2,1,,,0 days 00:00:28.686000,0 days 00:00:38.620000,0 days 00:00:22.672000,0 days 00:24:31.996000,0 days 00:25:10.616000,0 days 00:25:33.288000,244.0,271.0,292.0,323.0,MEDIUM,2.0,True,0 days 00:24:03.310000,Racing Point,STR,1,True
116,0 days 00:27:18.533000,18,0 days 00:01:45.245000,3,2,,0 days 00:27:16.686000,0 days 00:00:32.107000,0 days 00:00:43.557000,0 days 00:00:29.581000,0 days 00:26:05.395000,0 days 00:26:48.952000,0 days 00:27:18.533000,226.0,233.0,,231.0,MEDIUM,1.0,True,0 days 00:25:33.288000,Racing Point,STR,1,False
117,0 days 00:32:20.892000,18,,4,2,0 days 00:29:54.411000,,,0 days 00:01:09.659000,0 days 00:00:30.431000,,0 days 00:31:50.507000,0 days 00:32:21.135000,110.0,160.0,292.0,139.0,SOFT,2.0,True,0 days 00:27:18.533000,Racing Point,STR,1,False
118,0 days 00:33:49.571000,18,0 days 00:01:28.679000,5,2,,,0 days 00:00:28.134000,0 days 00:00:38.181000,0 days 00:00:22.364000,0 days 00:32:49.026000,0 days 00:33:27.207000,0 days 00:33:49.571000,247.0,271.0,292.0,322.0,SOFT,3.0,True,0 days 00:32:20.892000,Racing Point,STR,1,True
119,0 days 00:35:41.385000,18,0 days 00:01:51.814000,6,3,,0 days 00:35:39.514000,0 days 00:00:32.374000,0 days 00:00:48.091000,0 days 00:00:31.349000,0 days 00:34:21.945000,0 days 00:35:10.036000,0 days 00:35:41.385000,217.0,199.0,,233.0,SOFT,1.0,True,0 days 00:33:49.571000,Racing Point,STR,1,False
120,0 days 00:45:32.307000,18,,7,3,0 days 00:43:08.061000,,,0 days 00:00:56.182000,0 days 00:00:50.078000,,0 days 00:44:42.229000,0 days 00:45:32.311000,186.0,201.0,274.0,88.0,MEDIUM,2.0,True,0 days 00:35:41.385000,Racing Point,STR,2,False
121,0 days 00:59:08.253000,18,,8,4,,0 days 00:47:50.601000,,,,,,,,,,211.0,MEDIUM,1.0,True,0 days 00:45:32.307000,Racing Point,STR,25,False
122,0 days 01:01:10.333000,18,,9,4,0 days 00:59:08.147000,,,0 days 00:00:51.029000,0 days 00:00:35.176000,,0 days 01:00:35.173000,0 days 01:01:10.364000,200.0,232.0,294.0,167.0,MEDIUM,4.0,False,0 days 00:59:08.253000,Racing Point,STR,1,False
123,0 days 01:02:39.890000,18,0 days 00:01:29.557000,10,4,,,0 days 00:00:28.622000,0 days 00:00:38.553000,0 days 00:00:22.382000,0 days 01:01:38.955000,0 days 01:02:17.508000,0 days 01:02:39.890000,245.0,271.0,292.0,323.0,MEDIUM,5.0,False,0 days 01:01:10.333000,Racing Point,STR,1,True
124,0 days 01:04:42.183000,18,0 days 00:02:02.293000,11,4,,0 days 01:04:40.315000,0 days 00:00:33.669000,0 days 00:00:51.500000,0 days 00:00:37.124000,0 days 01:03:13.559000,0 days 01:04:05.059000,0 days 01:04:42.183000,182.0,174.0,,246.0,MEDIUM,6.0,False,0 days 01:02:39.890000,Racing Point,STR,1,False
125,0 days 00:23:45.099000,11,,1,1,0 days 00:21:28.260000,,,0 days 00:00:59.997000,0 days 00:00:30.182000,,0 days 00:23:14.924000,0 days 00:23:45.346000,135.0,153.0,292.0,120.0,SOFT,1.0,True,,Racing Point,PER,1,False
126,0 days 00:25:14.277000,11,0 days 00:01:29.178000,2,1,,,0 days 00:00:28.453000,0 days 00:00:38.364000,0 days 00:00:22.361000,0 days 00:24:13.552000,0 days 00:24:51.916000,0 days 00:25:14.277000,244.0,271.0,294.0,324.0,SOFT,2.0,True,0 days 00:23:45.099000,Racing Point,PER,1,True
127,0 days 00:27:06.981000,11,0 days 00:01:52.704000,3,2,,0 days 00:27:05.223000,0 days 00:00:34.844000,0 days 00:00:48.464000,0 days 00:00:29.396000,0 days 00:25:49.121000,0 days 00:26:37.585000,0 days 00:27:06.981000,182.0,192.0,,295.0,SOFT,1.0,True,0 days 00:25:14.277000,Racing Point,PER,1,False
128,0 days 00:32:32.980000,11,,4,2,0 days 00:30:04.749000,,,0 days 00:01:06.838000,0 days 00:00:35.269000,,0 days 00:31:57.718000,0 days 00:32:33.222000,112.0,187.0,292.0,125.0,SOFT,5.0,False,0 days 00:27:06.981000,Racing Point,PER,1,False
129,0 days 00:34:02.426000,11,0 days 00:01:29.446000,5,2,,,0 days 00:00:28.418000,0 days 00:00:38.522000,0 days 00:00:22.506000,0 days 00:33:01.398000,0 days 00:33:39.920000,0 days 00:34:02.426000,245.0,270.0,292.0,321.0,SOFT,6.0,False,0 days 00:32:32.980000,Racing Point,PER,1,True
130,0 days 00:36:01.684000,11,0 days 00:01:59.258000,6,3,,0 days 00:35:59.797000,0 days 00:00:34.070000,0 days 00:00:49.690000,0 days 00:00:35.498000,0 days 00:34:36.496000,0 days 00:35:26.186000,0 days 00:36:01.684000,215.0,164.0,,260.0,SOFT,4.0,False,0 days 00:34:02.426000,Racing Point,PER,1,False
131,0 days 00:44:57.593000,11,,7,3,0 days 00:42:48.325000,,,0 days 00:00:52.166000,0 days 00:00:41.874000,,0 days 00:44:15.719000,0 days 00:44:57.601000,180.0,101.0,294.0,162.0,MEDIUM,2.0,True,0 days 00:36:01.684000,Racing Point,PER,1,False
132,0 days 00:53:09.115000,11,,8,4,,0 days 00:46:49.414000,0 days 00:00:28.251000,,,0 days 00:45:25.856000,,,246.0,,,195.0,MEDIUM,1.0,True,0 days 00:44:57.593000,Racing Point,PER,25,False
133,0 days 00:55:06.775000,11,,9,4,0 days 00:53:09.017000,,,0 days 00:00:53.463000,0 days 00:00:29.842000,,0 days 00:54:36.955000,0 days 00:55:06.809000,169.0,170.0,292.0,,MEDIUM,2.0,True,0 days 00:53:09.115000,Racing Point,PER,1,False
134,0 days 00:56:35.669000,11,0 days 00:01:28.894000,10,4,,,0 days 00:00:28.266000,0 days 00:00:38.394000,0 days 00:00:22.234000,0 days 00:55:35.041000,0 days 00:56:13.435000,0 days 00:56:35.669000,246.0,273.0,294.0,323.0,MEDIUM,3.0,True,0 days 00:55:06.775000,Racing Point,PER,1,True
135,0 days 00:58:28.795000,11,0 days 00:01:53.126000,11,5,,0 days 00:58:26.875000,0 days 00:00:33.297000,0 days 00:00:48.416000,0 days 00:00:31.413000,0 days 00:57:08.966000,0 days 00:57:57.382000,0 days 00:58:28.795000,223.0,177.0,,203.0,MEDIUM,1.0,True,0 days 00:56:35.669000,Racing Point,PER,1,False
136,0 days 01:01:51.740000,11,,12,5,0 days 01:00:03.355000,,,0 days 00:00:49.218000,0 days 00:00:27.659000,,0 days 01:01:24.115000,0 days 01:01:51.770000,197.0,164.0,292.0,,MEDIUM,4.0,False,0 days 00:58:28.795000,Racing Point,PER,1,False
137,0 days 01:03:27.725000,11,0 days 00:01:35.985000,13,5,,,0 days 00:00:28.346000,0 days 00:00:40.560000,0 days 00:00:27.079000,0 days 01:02:20.086000,0 days 01:03:00.646000,0 days 01:03:27.725000,247.0,214.0,252.0,320.0,MEDIUM,5.0,False,0 days 01:01:51.740000,Racing Point,PER,1,True
138,0 days 01:05:21.068000,11,0 days 00:01:53.343000,14,6,,0 days 01:05:19.228000,0 days 00:00:34.528000,0 days 00:00:47.642000,0 days 00:00:31.173000,0 days 01:04:02.253000,0 days 01:04:49.895000,0 days 01:05:21.068000,221.0,179.0,,255.0,MEDIUM,3.0,False,0 days 01:03:27.725000,Racing Point,PER,1,False
139,0 days 01:13:31.725000,11,,15,6,0 days 01:11:09.640000,,,0 days 00:01:08.825000,0 days 00:00:31.932000,,0 days 01:12:59.822000,0 days 01:13:31.757000,152.0,126.0,292.0,134.0,SOFT,2.0,True,0 days 01:05:21.068000,Racing Point,PER,1,False
140,0 days 01:15:00.195000,11,0 days 00:01:28.470000,16,6,,,0 days 00:00:28.236000,0 days 00:00:38.110000,0 days 00:00:22.124000,0 days 01:13:59.961000,0 days 01:14:38.071000,0 days 01:15:00.195000,246.0,271.0,293.0,320.0,SOFT,3.0,True,0 days 01:13:31.725000,Racing Point,PER,1,True
141,0 days 01:16:57.079000,11,0 days 00:01:56.884000,17,7,,0 days 01:16:55.227000,0 days 00:00:33.471000,0 days 00:00:49.699000,0 days 00:00:33.714000,0 days 01:15:33.666000,0 days 01:16:23.365000,0 days 01:16:57.079000,193.0,164.0,,299.0,SOFT,1.0,True,0 days 01:15:00.195000,Racing Point,PER,1,False
142,0 days 01:22:15.807000,11,,18,7,0 days 01:20:07.396000,,,0 days 00:00:59.308000,0 days 00:00:27.536000,,0 days 01:21:48.271000,0 days 01:22:15.834000,146.0,158.0,293.0,134.0,SOFT,2.0,True,0 days 01:16:57.079000,Racing Point,PER,1,False
143,0 days 01:23:44.129000,11,0 days 00:01:28.322000,19,7,,,0 days 00:00:28.060000,0 days 00:00:38.024000,0 days 00:00:22.238000,0 days 01:22:43.867000,0 days 01:23:21.891000,0 days 01:23:44.129000,247.0,271.0,293.0,320.0,SOFT,3.0,True,0 days 01:22:15.807000,Racing Point,PER,1,True
144,0 days 00:24:39.978000,3,,1,1,0 days 00:21:57.005000,,,0 days 00:01:00.623000,0 days 00:00:58.276000,,0 days 00:23:41.735000,0 days 00:24:40.235000,148.0,156.0,294.0,108.0,SOFT,1.0,True,,Renault,RIC,1,False
145,0 days 00:26:09.850000,3,0 days 00:01:29.872000,2,1,,,0 days 00:00:28.604000,0 days 00:00:38.809000,0 days 00:00:22.459000,0 days 00:25:08.582000,0 days 00:25:47.391000,0 days 00:26:09.850000,242.0,272.0,293.0,328.0,SOFT,2.0,True,0 days 00:24:39.978000,Renault,RIC,1,True
146,0 days 00:28:03.841000,3,0 days 00:01:53.991000,3,2,,0 days 00:28:02.122000,0 days 00:00:34.817000,0 days 00:00:48.447000,0 days 00:00:30.727000,0 days 00:26:44.667000,0 days 00:27:33.114000,0 days 00:28:03.841000,189.0,212.0,,272.0,SOFT,1.0,True,0 days 00:26:09.850000,Renault,RIC,1,False
147,0 days 00:32:13.523000,3,,4,2,0 days 00:29:51.720000,,,0 days 00:01:06.106000,0 days 00:00:33.606000,,0 days 00:31:40.007000,0 days 00:32:13.768000,141.0,164.0,293.0,116.0,SOFT,,True,0 days 00:28:03.841000,Renault,RIC,1,False
148,0 days 00:33:42.528000,3,0 days 00:01:29.005000,5,2,,,0 days 00:00:28.252000,0 days 00:00:38.397000,0 days 00:00:22.356000,0 days 00:32:41.775000,0 days 00:33:20.172000,0 days 00:33:42.528000,245.0,271.0,291.0,322.0,SOFT,,True,0 days 00:32:13.523000,Renault,RIC,1,True
149,0 days 00:35:38.796000,3,0 days 00:01:56.268000,6,3,,0 days 00:35:37.045000,0 days 00:00:34.802000,0 days 00:00:48.895000,0 days 00:00:32.571000,0 days 00:34:17.330000,0 days 00:35:06.225000,0 days 00:35:38.796000,194.0,206.0,,269.0,SOFT,,True,0 days 00:33:42.528000,Renault,RIC,1,False
150,0 days 00:44:37.020000,3,,7,3,0 days 00:42:38.323000,,,0 days 00:00:53.154000,0 days 00:00:26.868000,,0 days 00:44:10.180000,0 days 00:44:37.020000,191.0,200.0,293.0,151.0,MEDIUM,2.0,True,0 days 00:35:38.796000,Renault,RIC,1,False
151,0 days 00:58:41.994000,3,,8,4,,0 days 00:46:17.871000,0 days 00:00:28.621000,0 days 00:00:38.336000,,0 days 00:45:05.769000,0 days 00:45:44.016000,,244.0,272.0,,319.0,MEDIUM,1.0,True,0 days 00:44:37.020000,Renault,RIC,25,False
152,0 days 01:00:42.984000,3,,9,4,0 days 00:58:41.870000,,,0 days 00:00:53.332000,0 days 00:00:31.432000,,0 days 01:00:11.552000,0 days 01:00:43.019000,193.0,211.0,294.0,173.0,MEDIUM,,True,0 days 00:58:41.994000,Renault,RIC,1,False
153,0 days 01:02:11.632000,3,0 days 00:01:28.648000,10,4,,,0 days 00:00:28.156000,0 days 00:00:38.298000,0 days 00:00:22.194000,0 days 01:01:11.140000,0 days 01:01:49.438000,0 days 01:02:11.632000,246.0,273.0,293.0,323.0,MEDIUM,,True,0 days 01:00:42.984000,Renault,RIC,1,True
154,0 days 01:04:14.398000,3,0 days 00:02:02.766000,11,5,,0 days 01:04:12.371000,0 days 00:00:37.147000,0 days 00:00:52.629000,0 days 00:00:32.990000,0 days 01:02:48.779000,0 days 01:03:41.408000,0 days 01:04:14.398000,194.0,175.0,,240.0,MEDIUM,,True,0 days 01:02:11.632000,Renault,RIC,1,False
155,0 days 01:13:22.354000,3,,12,5,0 days 01:11:11.341000,,,0 days 00:00:58.050000,0 days 00:00:28.536000,,0 days 01:12:53.858000,0 days 01:13:22.379000,155.0,187.0,292.0,101.0,SOFT,5.0,False,0 days 01:04:14.398000,Renault,RIC,1,False
156,0 days 01:14:51.939000,3,0 days 00:01:29.585000,13,5,,,0 days 00:00:28.439000,0 days 00:00:38.704000,0 days 00:00:22.442000,0 days 01:13:50.793000,0 days 01:14:29.497000,0 days 01:14:51.939000,244.0,271.0,290.0,320.0,SOFT,6.0,False,0 days 01:13:22.354000,Renault,RIC,1,True
157,0 days 01:16:40.114000,3,0 days 00:01:48.175000,14,6,,0 days 01:16:38.329000,0 days 00:00:32.299000,0 days 00:00:45.268000,0 days 00:00:30.608000,0 days 01:15:24.238000,0 days 01:16:09.506000,0 days 01:16:40.114000,215.0,204.0,,293.0,SOFT,4.0,False,0 days 01:14:51.939000,Renault,RIC,1,False
158,0 days 01:21:55.130000,3,,15,6,0 days 01:19:26.296000,,,0 days 00:01:10.357000,0 days 00:00:34.083000,,0 days 01:21:21.057000,0 days 01:21:55.144000,159.0,128.0,294.0,125.0,SOFT,2.0,True,0 days 01:16:40.114000,Renault,RIC,1,False
159,0 days 01:23:23.547000,3,0 days 00:01:28.417000,16,6,,,0 days 00:00:27.981000,0 days 00:00:38.242000,0 days 00:00:22.194000,0 days 01:22:23.111000,0 days 01:23:01.353000,0 days 01:23:23.547000,246.0,271.0,292.0,322.0,SOFT,3.0,True,0 days 01:21:55.130000,Renault,RIC,1,True
160,0 days 00:24:34.920000,31,,1,1,0 days 00:21:51.166000,,,0 days 00:01:01.560000,0 days 00:01:03.586000,,0 days 00:23:31.364000,0 days 00:24:35.244000,139.0,149.0,296.0,137.0,SOFT,1.0,True,,Renault,OCO,1,False
161,0 days 00:26:04.123000,31,0 days 00:01:29.203000,2,1,,,0 days 00:00:28.320000,0 days 00:00:38.454000,0 days 00:00:22.429000,0 days 00:25:03.240000,0 days 00:25:41.694000,0 days 00:26:04.123000,244.0,271.0,294.0,326.0,SOFT,2.0,True,0 days 00:24:34.920000,Renault,OCO,1,True
162,0 days 00:27:57.408000,31,0 days 00:01:53.285000,3,2,,0 days 00:27:55.671000,0 days 00:00:34.121000,0 days 00:00:47.838000,0 days 00:00:31.326000,0 days 00:26:38.244000,0 days 00:27:26.082000,0 days 00:27:57.408000,204.0,194.0,,303.0,SOFT,1.0,True,0 days 00:26:04.123000,Renault,OCO,1,False
163,0 days 00:45:26.837000,31,,4,2,0 days 00:42:55.594000,,,0 days 00:00:58.871000,0 days 00:00:48.682000,,0 days 00:44:38.155000,0 days 00:45:26.917000,162.0,171.0,293.0,131.0,MEDIUM,2.0,True,0 days 00:27:57.408000,Renault,OCO,2,False
164,0 days 00:57:28.851000,31,,5,3,,0 days 00:47:44.315000,,,,,,,,,,254.0,MEDIUM,1.0,True,0 days 00:45:26.837000,Renault,OCO,25,False
165,0 days 00:59:24.891000,31,,6,3,0 days 00:57:28.851000,,,0 days 00:00:52.820000,0 days 00:00:27.221000,,0 days 00:58:57.761000,0 days 00:59:25.006000,182.0,176.0,294.0,167.0,MEDIUM,2.0,True,0 days 00:57:28.851000,Renault,OCO,1,False
166,0 days 01:00:53.828000,31,0 days 00:01:28.937000,7,3,,,0 days 00:00:28.346000,0 days 00:00:38.128000,0 days 00:00:22.463000,0 days 00:59:53.237000,0 days 01:00:31.365000,0 days 01:00:53.828000,245.0,273.0,294.0,322.0,MEDIUM,3.0,True,0 days 00:59:24.891000,Renault,OCO,1,True
167,0 days 01:02:59.101000,31,0 days 00:02:05.273000,8,4,,0 days 01:02:57.336000,0 days 00:00:45.610000,0 days 00:00:47.890000,0 days 00:00:31.773000,0 days 01:01:39.438000,0 days 01:02:27.328000,0 days 01:02:59.101000,121.0,200.0,,100.0,MEDIUM,1.0,True,0 days 01:00:53.828000,Renault,OCO,1,False
168,0 days 01:14:14.475000,31,,9,4,0 days 01:11:52.705000,,,0 days 00:00:57.180000,0 days 00:00:45.128000,,0 days 01:13:29.348000,0 days 01:14:14.528000,100.0,151.0,294.0,143.0,SOFT,2.0,True,0 days 01:02:59.101000,Renault,OCO,1,False
169,0 days 01:15:43.300000,31,0 days 00:01:28.825000,10,4,,,0 days 00:00:28.091000,0 days 00:00:38.356000,0 days 00:00:22.378000,0 days 01:14:42.566000,0 days 01:15:20.922000,0 days 01:15:43.300000,246.0,274.0,293.0,325.0,SOFT,3.0,True,0 days 01:14:14.475000,Renault,OCO,1,True
170,0 days 01:17:33.652000,31,0 days 00:01:50.352000,11,5,,0 days 01:17:31.867000,0 days 00:00:34.156000,0 days 00:00:47.284000,0 days 00:00:28.912000,0 days 01:16:17.456000,0 days 01:17:04.740000,0 days 01:17:33.652000,177.0,205.0,,295.0,SOFT,1.0,True,0 days 01:15:43.300000,Renault,OCO,1,False
171,0 days 01:22:03.056000,31,,12,5,0 days 01:19:39.037000,,,0 days 00:01:06.904000,0 days 00:00:34.748000,,0 days 01:21:28.337000,0 days 01:22:03.131000,143.0,130.0,294.0,137.0,SOFT,2.0,True,0 days 01:17:33.652000,Renault,OCO,1,False
172,0 days 01:23:31.475000,31,0 days 00:01:28.419000,13,5,,,0 days 00:00:27.984000,0 days 00:00:38.102000,0 days 00:00:22.333000,0 days 01:22:31.040000,0 days 01:23:09.142000,0 days 01:23:31.475000,246.0,273.0,292.0,324.0,SOFT,3.0,True,0 days 01:22:03.056000,Renault,OCO,1,True
173,0 days 00:24:16.342000,5,,1,1,0 days 00:21:43.510000,,,0 days 00:00:55.650000,0 days 00:00:55.925000,,0 days 00:23:20.485000,0 days 00:24:16.714000,173.0,193.0,288.0,160.0,SOFT,1.0,True,,Ferrari,VET,1,False
174,0 days 00:25:46.060000,5,0 days 00:01:29.718000,2,1,,,0 days 00:00:28.480000,0 days 00:00:38.730000,0 days 00:00:22.508000,0 days 00:24:44.822000,0 days 00:25:23.552000,0 days 00:25:46.060000,243.0,270.0,289.0,316.0,SOFT,2.0,True,0 days 00:24:16.342000,Ferrari,VET,1,True
175,0 days 00:27:40.137000,5,0 days 00:01:54.077000,3,2,,0 days 00:27:38.448000,0 days 00:00:35.645000,0 days 00:00:48.806000,0 days 00:00:29.626000,0 days 00:26:21.705000,0 days 00:27:10.511000,0 days 00:27:40.137000,186.0,203.0,,228.0,SOFT,1.0,True,0 days 00:25:46.060000,Ferrari,VET,1,False
176,0 days 00:31:35.212000,5,,4,2,0 days 00:29:20.803000,,,0 days 00:00:59.845000,0 days 00:00:37.302000,,0 days 00:30:57.910000,0 days 00:31:35.493000,171.0,156.0,288.0,173.0,SOFT,2.0,True,0 days 00:27:40.137000,Ferrari,VET,1,False
177,0 days 00:33:04.354000,5,0 days 00:01:29.142000,5,2,,,0 days 00:00:28.381000,0 days 00:00:38.427000,0 days 00:00:22.334000,0 days 00:32:03.593000,0 days 00:32:42.020000,0 days 00:33:04.354000,244.0,271.0,289.0,314.0,SOFT,3.0,True,0 days 00:31:35.212000,Ferrari,VET,1,True
178,0 days 00:35:05.509000,5,0 days 00:02:01.155000,6,3,,0 days 00:35:03.395000,0 days 00:00:38.069000,0 days 00:00:50.603000,0 days 00:00:32.483000,0 days 00:33:42.423000,0 days 00:34:33.026000,0 days 00:35:05.509000,180.0,197.0,,185.0,SOFT,1.0,True,0 days 00:33:04.354000,Ferrari,VET,1,False
179,0 days 00:44:47.785000,5,,7,3,0 days 00:42:44.712000,,,0 days 00:00:51.669000,0 days 00:00:35.363000,,0 days 00:44:12.463000,0 days 00:44:47.785000,201.0,198.0,289.0,155.0,MEDIUM,2.0,True,0 days 00:35:05.509000,Ferrari,VET,1,False
180,0 days 00:58:53.838000,5,,8,4,,0 days 00:46:34.479000,0 days 00:00:28.366000,,,0 days 00:45:16.199000,,,244.0,,,316.0,MEDIUM,1.0,True,0 days 00:44:47.785000,Ferrari,VET,25,False
181,0 days 01:01:04.742000,5,,9,4,0 days 00:58:53.838000,,,0 days 00:00:50.706000,0 days 00:00:42.983000,,0 days 01:00:21.763000,0 days 01:01:04.768000,178.0,219.0,290.0,164.0,MEDIUM,2.0,True,0 days 00:58:53.838000,Ferrari,VET,1,False
182,0 days 01:02:33.891000,5,0 days 00:01:29.149000,10,4,,,0 days 00:00:28.238000,0 days 00:00:38.536000,0 days 00:00:22.375000,0 days 01:01:32.980000,0 days 01:02:11.516000,0 days 01:02:33.891000,244.0,271.0,292.0,318.0,MEDIUM,3.0,True,0 days 01:01:04.742000,Ferrari,VET,1,True
183,0 days 01:04:37.562000,5,0 days 00:02:03.671000,11,4,,0 days 01:04:35.670000,0 days 00:00:38.317000,0 days 00:00:50.905000,0 days 00:00:34.449000,0 days 01:03:12.208000,0 days 01:04:03.113000,0 days 01:04:37.562000,181.0,191.0,,178.0,MEDIUM,4.0,True,0 days 01:02:33.891000,Ferrari,VET,1,False
184,0 days 00:23:31.069000,99,,1,1,0 days 00:21:21.688000,,,0 days 00:00:57.951000,0 days 00:00:29.009000,,0 days 00:23:02.188000,0 days 00:23:31.364000,133.0,200.0,291.0,167.0,SOFT,,True,,Alfa Romeo,GIO,1,False
185,0 days 00:25:01.045000,99,0 days 00:01:29.976000,2,1,,,0 days 00:00:28.527000,0 days 00:00:38.850000,0 days 00:00:22.599000,0 days 00:23:59.596000,0 days 00:24:38.446000,0 days 00:25:01.045000,244.0,271.0,290.0,321.0,SOFT,,True,0 days 00:23:31.069000,Alfa Romeo,GIO,1,True
186,0 days 00:26:47.937000,99,0 days 00:01:46.892000,3,2,,0 days 00:26:46.315000,0 days 00:00:32.872000,0 days 00:00:45.583000,0 days 00:00:28.437000,0 days 00:25:33.917000,0 days 00:26:19.500000,0 days 00:26:47.937000,220.0,209.0,,184.0,SOFT,,True,0 days 00:25:01.045000,Alfa Romeo,GIO,1,False
187,0 days 00:31:59.633000,99,,4,2,0 days 00:29:39.592000,,,0 days 00:01:03.308000,0 days 00:00:38.862000,,0 days 00:31:20.870000,0 days 00:31:59.901000,136.0,168.0,292.0,,SOFT,2.0,True,0 days 00:26:47.937000,Alfa Romeo,GIO,1,False
188,0 days 00:33:29.124000,99,0 days 00:01:29.491000,5,2,,,0 days 00:00:28.316000,0 days 00:00:38.588000,0 days 00:00:22.587000,0 days 00:32:27.949000,0 days 00:33:06.537000,0 days 00:33:29.124000,244.0,271.0,288.0,322.0,SOFT,3.0,True,0 days 00:31:59.633000,Alfa Romeo,GIO,1,True
189,0 days 00:35:25.603000,99,0 days 00:01:56.479000,6,2,,0 days 00:35:23.392000,0 days 00:00:34.561000,0 days 00:00:47.641000,0 days 00:00:34.277000,0 days 00:34:03.685000,0 days 00:34:51.326000,0 days 00:35:25.603000,188.0,228.0,,234.0,SOFT,4.0,True,0 days 00:33:29.124000,Alfa Romeo,GIO,1,False
190,0 days 00:24:22.179000,16,,1,1,0 days 00:21:45.213000,,,0 days 00:00:52.789000,0 days 00:01:01.080000,,0 days 00:23:21.113000,0 days 00:24:22.349000,164.0,208.0,288.0,101.0,SOFT,1.0,True,,Ferrari,LEC,1,False
191,0 days 00:25:52.228000,16,0 days 00:01:30.049000,2,1,,,0 days 00:00:28.757000,0 days 00:00:38.743000,0 days 00:00:22.549000,0 days 00:24:50.936000,0 days 00:25:29.679000,0 days 00:25:52.228000,243.0,271.0,284.0,317.0,SOFT,2.0,True,0 days 00:24:22.179000,Ferrari,LEC,1,True
192,0 days 00:27:41.549000,16,0 days 00:01:49.321000,3,2,,0 days 00:27:39.831000,0 days 00:00:33.743000,0 days 00:00:46.469000,0 days 00:00:29.109000,0 days 00:26:25.971000,0 days 00:27:12.440000,0 days 00:27:41.549000,208.0,220.0,,224.0,SOFT,1.0,True,0 days 00:25:52.228000,Ferrari,LEC,1,False
193,0 days 00:31:50.565000,16,,4,2,0 days 00:29:36.305000,,,0 days 00:00:56.378000,0 days 00:00:39.695000,,0 days 00:31:10.870000,0 days 00:31:50.895000,151.0,177.0,290.0,150.0,SOFT,2.0,True,0 days 00:27:41.549000,Ferrari,LEC,1,False
194,0 days 00:33:19.702000,16,0 days 00:01:29.137000,5,2,,,0 days 00:00:28.243000,0 days 00:00:38.405000,0 days 00:00:22.489000,0 days 00:32:18.808000,0 days 00:32:57.213000,0 days 00:33:19.702000,243.0,271.0,290.0,319.0,SOFT,3.0,True,0 days 00:31:50.565000,Ferrari,LEC,1,True
195,0 days 00:35:20.639000,16,0 days 00:02:00.937000,6,3,,0 days 00:35:18.965000,0 days 00:00:37.775000,0 days 00:00:48.948000,0 days 00:00:34.214000,0 days 00:33:57.477000,0 days 00:34:46.425000,0 days 00:35:20.639000,172.0,186.0,,206.0,SOFT,1.0,True,0 days 00:33:19.702000,Ferrari,LEC,1,False
196,0 days 00:44:51.944000,16,,7,3,0 days 00:42:46.433000,,,0 days 00:00:51.508000,0 days 00:00:38.401000,,0 days 00:44:13.581000,0 days 00:44:51.944000,192.0,181.0,291.0,152.0,MEDIUM,2.0,True,0 days 00:35:20.639000,Ferrari,LEC,1,False
197,0 days 00:58:53.050000,16,,8,4,,0 days 00:46:37.434000,0 days 00:00:28.176000,,,0 days 00:45:20.241000,,,244.0,,,320.0,MEDIUM,1.0,True,0 days 00:44:51.944000,Ferrari,LEC,25,False
198,0 days 01:00:55.290000,16,,9,4,0 days 00:58:53.050000,,,0 days 00:00:49.130000,0 days 00:00:37.206000,,0 days 01:00:18.103000,0 days 01:00:55.338000,175.0,218.0,295.0,195.0,MEDIUM,2.0,True,0 days 00:58:53.050000,Ferrari,LEC,1,False
199,0 days 01:02:24.455000,16,0 days 00:01:29.165000,10,4,,,0 days 00:00:28.425000,0 days 00:00:38.305000,0 days 00:00:22.435000,0 days 01:01:23.715000,0 days 01:02:02.020000,0 days 01:02:24.455000,244.0,272.0,290.0,321.0,MEDIUM,3.0,True,0 days 01:00:55.290000,Ferrari,LEC,1,True
200,0 days 01:04:26.920000,16,0 days 00:02:02.465000,11,4,,0 days 01:04:24.711000,0 days 00:00:37.893000,0 days 00:00:52.630000,0 days 00:00:31.942000,0 days 01:03:02.348000,0 days 01:03:54.978000,0 days 01:04:26.920000,141.0,181.0,,244.0,MEDIUM,4.0,True,0 days 01:02:24.455000,Ferrari,LEC,1,False
201,0 days 00:15:03.389000,63,,1,1,,,,,,,,,,,,216.0,,,,,Williams,RUS,1,False
202,0 days 00:16:56.324000,63,,2,1,0 days 00:15:03.389000,,,0 days 00:00:52.245000,0 days 00:00:26.751000,,0 days 00:16:29.588000,0 days 00:16:56.595000,171.0,180.0,293.0,,SOFT,2.0,True,0 days 00:15:03.389000,Williams,RUS,1,False
203,0 days 00:18:33.776000,63,0 days 00:01:37.452000,3,2,,0 days 00:18:32.074000,0 days 00:00:29.165000,0 days 00:00:40.043000,0 days 00:00:28.244000,0 days 00:17:25.489000,0 days 00:18:05.532000,0 days 00:18:33.776000,240.0,212.0,,319.0,SOFT,1.0,True,0 days 00:16:56.324000,Williams,RUS,1,False
204,0 days 00:23:14.552000,63,,4,2,0 days 00:20:54.114000,,,0 days 00:01:06.055000,0 days 00:00:34.267000,,0 days 00:22:40.473000,0 days 00:23:14.841000,157.0,111.0,295.0,157.0,SOFT,2.0,True,0 days 00:18:33.776000,Williams,RUS,1,False
205,0 days 00:24:44.769000,63,0 days 00:01:30.217000,5,2,,,0 days 00:00:28.622000,0 days 00:00:38.980000,0 days 00:00:22.615000,0 days 00:23:43.174000,0 days 00:24:22.154000,0 days 00:24:44.769000,244.0,270.0,294.0,326.0,SOFT,3.0,True,0 days 00:23:14.552000,Williams,RUS,1,True
206,0 days 00:26:30.104000,63,0 days 00:01:45.335000,6,3,,0 days 00:26:28.405000,0 days 00:00:33.888000,0 days 00:00:43.331000,0 days 00:00:28.116000,0 days 00:25:18.657000,0 days 00:26:01.988000,0 days 00:26:30.104000,225.0,241.0,,162.0,SOFT,1.0,True,0 days 00:24:44.769000,Williams,RUS,1,False
207,0 days 00:31:28.656000,63,,7,3,0 days 00:29:07.428000,,,0 days 00:01:01.867000,0 days 00:00:36.361000,,0 days 00:30:52.454000,0 days 00:31:28.900000,125.0,144.0,294.0,163.0,SOFT,2.0,True,0 days 00:26:30.104000,Williams,RUS,1,False
208,0 days 00:32:57.950000,63,0 days 00:01:29.294000,8,3,,,0 days 00:00:28.278000,0 days 00:00:38.550000,0 days 00:00:22.466000,0 days 00:31:56.934000,0 days 00:32:35.484000,0 days 00:32:57.950000,246.0,271.0,295.0,321.0,SOFT,3.0,True,0 days 00:31:28.656000,Williams,RUS,1,True
209,0 days 00:35:00.117000,63,0 days 00:02:02.167000,9,4,,0 days 00:34:58.426000,0 days 00:00:36.180000,0 days 00:00:53.076000,0 days 00:00:32.911000,0 days 00:33:34.130000,0 days 00:34:27.206000,0 days 00:35:00.117000,178.0,150.0,,171.0,SOFT,1.0,True,0 days 00:32:57.950000,Williams,RUS,1,False
210,0 days 01:00:59.717000,63,,10,4,0 days 00:58:34.459000,,,0 days 00:01:03.684000,0 days 00:00:40.858000,,0 days 01:00:18.882000,0 days 01:00:59.753000,157.0,169.0,294.0,178.0,SOFT,4.0,False,0 days 00:35:00.117000,Williams,RUS,25,False
211,0 days 01:02:30.935000,63,0 days 00:01:31.218000,11,4,,,0 days 00:00:28.873000,0 days 00:00:39.412000,0 days 00:00:22.933000,0 days 01:01:28.590000,0 days 01:02:08.002000,0 days 01:02:30.935000,242.0,271.0,292.0,325.0,SOFT,5.0,False,0 days 01:00:59.717000,Williams,RUS,1,True
212,0 days 01:04:34.025000,63,0 days 00:02:03.090000,12,4,,0 days 01:04:32.104000,0 days 00:00:39.042000,0 days 00:00:51.755000,0 days 00:00:32.293000,0 days 01:03:09.977000,0 days 01:04:01.732000,0 days 01:04:34.025000,168.0,234.0,,139.0,SOFT,6.0,False,0 days 01:02:30.935000,Williams,RUS,1,False
213,0 days 00:20:43.612000,8,,1,1,,,,,,,,,,,,180.0,,,,,Haas F1 Team,GRO,1,False
214,0 days 00:23:06.925000,8,,2,1,0 days 00:20:43.612000,,,0 days 00:01:10.073000,0 days 00:00:37.522000,,0 days 00:22:29.560000,0 days 00:23:07.213000,177.0,44.0,290.0,,SOFT,2.0,True,0 days 00:20:43.612000,Haas F1 Team,GRO,1,False
215,0 days 00:24:37.479000,8,0 days 00:01:30.554000,3,1,,,0 days 00:00:28.875000,0 days 00:00:39.052000,0 days 00:00:22.627000,0 days 00:23:35.800000,0 days 00:24:14.852000,0 days 00:24:37.479000,242.0,270.0,290.0,318.0,SOFT,3.0,True,0 days 00:23:06.925000,Haas F1 Team,GRO,1,True
216,0 days 00:26:31.679000,8,0 days 00:01:54.200000,4,2,,0 days 00:26:29.999000,0 days 00:00:40.923000,0 days 00:00:45.399000,0 days 00:00:27.878000,0 days 00:25:18.402000,0 days 00:26:03.801000,0 days 00:26:31.679000,63.0,247.0,,106.0,SOFT,1.0,True,0 days 00:24:37.479000,Haas F1 Team,GRO,1,False
217,0 days 00:31:45.198000,8,,5,2,0 days 00:29:25.021000,,,0 days 00:00:58.849000,0 days 00:00:43.718000,,0 days 00:31:01.596000,0 days 00:31:45.456000,166.0,142.0,291.0,166.0,SOFT,2.0,True,0 days 00:26:31.679000,Haas F1 Team,GRO,1,False
218,0 days 00:33:15.336000,8,0 days 00:01:30.138000,6,2,,,0 days 00:00:28.494000,0 days 00:00:38.797000,0 days 00:00:22.847000,0 days 00:32:13.692000,0 days 00:32:52.489000,0 days 00:33:15.336000,244.0,270.0,285.0,319.0,SOFT,3.0,True,0 days 00:31:45.198000,Haas F1 Team,GRO,1,True
219,0 days 00:35:13.969000,8,0 days 00:01:58.633000,7,2,,0 days 00:35:12.251000,0 days 00:00:35.139000,0 days 00:00:47.783000,0 days 00:00:35.711000,0 days 00:33:50.475000,0 days 00:34:38.258000,0 days 00:35:13.969000,211.0,175.0,,225.0,SOFT,4.0,True,0 days 00:33:15.336000,Haas F1 Team,GRO,1,False
220,0 days 00:20:40.212000,20,,1,1,,,,,,,,,,,,184.0,,,,,Haas F1 Team,MAG,1,False
221,0 days 00:23:02.057000,20,,2,1,0 days 00:20:40.212000,,,0 days 00:01:10.605000,0 days 00:00:34.841000,,0 days 00:22:27.273000,0 days 00:23:02.188000,171.0,72.0,292.0,,SOFT,2.0,True,0 days 00:20:40.212000,Haas F1 Team,MAG,1,False
222,0 days 00:24:32.653000,20,0 days 00:01:30.596000,3,1,,,0 days 00:00:28.762000,0 days 00:00:38.892000,0 days 00:00:22.942000,0 days 00:23:30.819000,0 days 00:24:09.711000,0 days 00:24:32.653000,243.0,271.0,291.0,319.0,SOFT,3.0,True,0 days 00:23:02.057000,Haas F1 Team,MAG,1,True
223,0 days 00:26:28.206000,20,0 days 00:01:55.553000,4,2,,0 days 00:26:26.475000,0 days 00:00:43.308000,0 days 00:00:44.613000,0 days 00:00:27.632000,0 days 00:25:15.961000,0 days 00:26:00.574000,0 days 00:26:28.206000,171.0,252.0,,83.0,SOFT,1.0,True,0 days 00:24:32.653000,Haas F1 Team,MAG,1,False
224,0 days 00:31:40.010000,20,,5,2,0 days 00:29:22.795000,,,0 days 00:01:00.099000,0 days 00:00:40.393000,,0 days 00:30:59.713000,0 days 00:31:40.059000,213.0,162.0,292.0,177.0,SOFT,2.0,True,0 days 00:26:28.206000,Haas F1 Team,MAG,1,False
225,0 days 00:33:10.121000,20,0 days 00:01:30.111000,6,2,,,0 days 00:00:28.591000,0 days 00:00:38.797000,0 days 00:00:22.723000,0 days 00:32:08.601000,0 days 00:32:47.398000,0 days 00:33:10.121000,244.0,272.0,290.0,320.0,SOFT,3.0,True,0 days 00:31:40.010000,Haas F1 Team,MAG,1,True
226,0 days 00:35:06.842000,20,0 days 00:01:56.721000,7,2,,0 days 00:35:05.101000,0 days 00:00:33.344000,0 days 00:00:50.986000,0 days 00:00:32.391000,0 days 00:33:43.465000,0 days 00:34:34.451000,0 days 00:35:06.842000,205.0,175.0,,298.0,SOFT,4.0,True,0 days 00:33:10.121000,Haas F1 Team,MAG,1,False
227,0 days 00:23:34.155000,7,,1,1,0 days 00:21:30.403000,,,0 days 00:00:55.937000,0 days 00:00:28.488000,,0 days 00:23:05.784000,0 days 00:23:34.420000,102.0,190.0,292.0,156.0,SOFT,1.0,True,,Alfa Romeo,RAI,1,False
228,0 days 00:25:04.570000,7,0 days 00:01:30.415000,2,1,,,0 days 00:00:28.631000,0 days 00:00:39.003000,0 days 00:00:22.781000,0 days 00:24:02.786000,0 days 00:24:41.789000,0 days 00:25:04.570000,243.0,270.0,292.0,323.0,SOFT,2.0,True,0 days 00:23:34.155000,Alfa Romeo,RAI,1,True
229,0 days 00:26:51.719000,7,0 days 00:01:47.149000,3,2,,0 days 00:26:49.994000,0 days 00:00:34.185000,0 days 00:00:44.115000,0 days 00:00:28.849000,0 days 00:25:38.755000,0 days 00:26:22.870000,0 days 00:26:51.719000,215.0,251.0,,232.0,SOFT,1.0,True,0 days 00:25:04.570000,Alfa Romeo,RAI,1,False
230,0 days 00:32:03.071000,7,,4,2,0 days 00:29:42.128000,,,0 days 00:01:02.208000,0 days 00:00:38.556000,,0 days 00:31:24.516000,0 days 00:32:03.365000,144.0,204.0,292.0,136.0,SOFT,2.0,True,0 days 00:26:51.719000,Alfa Romeo,RAI,1,False
231,0 days 00:33:32.881000,7,0 days 00:01:29.810000,5,2,,,0 days 00:00:28.407000,0 days 00:00:38.809000,0 days 00:00:22.594000,0 days 00:32:31.478000,0 days 00:33:10.287000,0 days 00:33:32.881000,244.0,270.0,292.0,323.0,SOFT,3.0,True,0 days 00:32:03.071000,Alfa Romeo,RAI,1,True
232,0 days 00:35:26.338000,7,0 days 00:01:53.457000,6,2,,0 days 00:35:24.621000,0 days 00:00:34.781000,0 days 00:00:45.707000,0 days 00:00:32.969000,0 days 00:34:07.662000,0 days 00:34:53.369000,0 days 00:35:26.338000,220.0,222.0,,206.0,SOFT,4.0,True,0 days 00:33:32.881000,Alfa Romeo,RAI,1,False
233,0 days 00:22:58.118000,6,,1,1,0 days 00:20:35.412000,,,0 days 00:01:10.944000,0 days 00:00:33.107000,,0 days 00:22:25.102000,0 days 00:22:58.399000,181.0,92.0,290.0,186.0,SOFT,1.0,True,,Williams,LAT,1,False
234,0 days 00:24:28.867000,6,0 days 00:01:30.749000,2,1,,,0 days 00:00:29.040000,0 days 00:00:39.032000,0 days 00:00:22.677000,0 days 00:23:27.158000,0 days 00:24:06.190000,0 days 00:24:28.867000,242.0,268.0,293.0,316.0,SOFT,2.0,True,0 days 00:22:58.118000,Williams,LAT,1,True
235,0 days 00:26:24.927000,6,0 days 00:01:56.060000,3,2,,0 days 00:26:22.457000,0 days 00:00:37.582000,0 days 00:00:48.787000,0 days 00:00:29.691000,0 days 00:25:06.449000,0 days 00:25:55.236000,0 days 00:26:24.927000,216.0,244.0,,135.0,SOFT,1.0,True,0 days 00:24:28.867000,Williams,LAT,1,False
236,0 days 00:32:45.930000,6,,4,2,0 days 00:30:14.996000,,,0 days 00:01:15.383000,0 days 00:00:34.172000,,0 days 00:32:11.865000,0 days 00:32:46.171000,183.0,150.0,293.0,182.0,SOFT,2.0,True,0 days 00:26:24.927000,Williams,LAT,1,False
237,0 days 00:34:16.112000,6,0 days 00:01:30.182000,5,2,,,0 days 00:00:28.695000,0 days 00:00:38.881000,0 days 00:00:22.606000,0 days 00:33:14.625000,0 days 00:33:53.506000,0 days 00:34:16.112000,242.0,269.0,290.0,323.0,SOFT,3.0,True,0 days 00:32:45.930000,Williams,LAT,1,True
238,0 days 00:36:15.685000,6,0 days 00:01:59.573000,6,2,,0 days 00:36:13.970000,0 days 00:00:37.730000,0 days 00:00:52.170000,0 days 00:00:29.673000,0 days 00:34:53.842000,0 days 00:35:46.012000,0 days 00:36:15.685000,118.0,237.0,,300.0,SOFT,4.0,True,0 days 00:34:16.112000,Williams,LAT,1,False
