LapNumber,soft_compound,medium_compound,hard_compound,tyrelife,last_lap_delta,rolling_lt_avg,rolling_fastest_lap,faster_than_avg,new_fastest_lap,laptime
3,1,0,0,3,-0.726,110.972,110.972,1,1,110.246
4,1,0,0,4,-1.611,110.609,110.246,1,1,108.635
5,1,0,0,5,-0.234,109.951,108.635,1,1,108.401
6,1,0,0,6,-0.146,109.5635,108.401,1,1,108.255
7,1,0,0,7,0.683,109.3018,108.255,1,0,108.938
8,1,0,0,8,-0.727,109.2411667,108.255,1,1,108.211
9,1,0,0,9,0.196,109.094,108.211,1,0,108.407
10,1,0,0,10,0.308,109.008125,108.211,1,0,108.715
11,1,0,0,11,3.867,108.9755556,108.211,0,0,112.582
12,0,0,1,1,12.561,109.3362,108.211,0,0,125.143
13,0,0,1,2,-17.163,110.7731818,108.211,1,1,107.98
14,0,0,1,3,-0.4,110.5404167,107.98,1,1,107.58
15,0,0,1,4,-0.599,110.3126923,107.58,1,1,106.981
16,0,0,1,5,0.343,110.0747143,106.981,1,0,107.324
17,0,0,1,6,0.498,109.8913333,106.981,1,0,107.822
18,0,0,1,7,-0.622,109.762,106.981,1,0,107.2
19,0,0,1,8,-0.421,109.6112941,106.981,1,1,106.779
20,0,0,1,9,0.244,109.4539444,106.779,1,0,107.023
21,0,0,1,10,0.011,109.326,106.779,1,0,107.034
22,0,0,1,11,-0.293,109.2114,106.779,1,1,106.741
23,0,0,1,12,0.018,109.0937619,106.741,1,0,106.759
24,0,0,1,13,-0.028,108.9876364,106.741,1,1,106.731
25,0,0,1,14,0.29,108.8895217,106.731,1,0,107.021
26,0,0,1,15,-0.425,108.8116667,106.731,1,1,106.596
27,0,0,1,16,-0.029,108.72304,106.596,1,1,106.567
28,0,0,1,17,0.253,108.6401154,106.567,1,0,106.82
29,0,0,1,18,-0.271,108.5727037,106.567,1,1,106.549
30,0,0,1,19,1.208,108.5004286,106.549,1,0,107.757
31,0,0,1,20,40.333,108.4747931,106.549,0,0,148.09
36,0,0,1,25,-34.046,109.7953,106.549,0,0,114.044
37,0,0,1,26,-4.962,109.9323548,106.549,1,0,109.082
38,0,0,1,27,-1.792,109.9057813,106.549,1,0,107.29
39,0,0,1,28,-0.995,109.8265152,106.549,1,1,106.295
40,0,0,1,29,-0.194,109.7226471,106.295,1,1,106.101
41,0,0,1,30,-0.092,109.6191714,106.101,1,1,106.009
42,0,0,1,31,-0.086,109.5188889,106.009,1,1,105.923
43,0,0,1,32,-0.21,109.4217027,105.923,1,1,105.713
44,0,0,1,33,0.066,109.3241053,105.713,1,0,105.779
45,0,0,1,34,0.274,109.2332051,105.713,1,0,106.053
46,0,0,1,35,0.488,109.1537,105.713,1,0,106.541
47,0,0,1,36,32.914,109.0899756,105.713,0,0,139.455
50,1,0,0,4,10.006,109.8129524,105.713,0,0,149.461
51,1,0,0,5,-42.843,110.735,105.713,1,0,106.618
3,1,0,0,6,-1.385,111.296,111.296,1,1,109.911
4,1,0,0,7,-2.421,110.6035,109.911,1,1,107.49
5,1,0,0,8,1.511,109.5656667,107.49,1,0,109.001
6,1,0,0,9,-0.229,109.4245,107.49,1,0,108.772
7,1,0,0,10,3.259,109.294,107.49,0,0,112.031
8,0,0,1,1,12.014,109.7501667,107.49,0,0,124.045
9,0,0,1,2,-16.571,111.7922857,107.49,1,1,107.474
10,0,0,1,3,-0.496,111.2525,107.474,1,1,106.978
11,0,0,1,4,1.734,110.7775556,106.978,1,0,108.712
12,0,0,1,5,-1.156,110.571,106.978,1,0,107.556
13,0,0,1,6,-0.078,110.2969091,106.978,1,0,107.478
14,0,0,1,7,-0.222,110.062,106.978,1,0,107.256
15,0,0,1,8,0.057,109.8461538,106.978,1,0,107.313
16,0,0,1,9,-0.468,109.6652143,106.978,1,1,106.845
17,0,0,1,10,-0.087,109.4772,106.845,1,1,106.758
18,0,0,1,11,0.009,109.30725,106.758,1,0,106.767
19,0,0,1,12,-0.343,109.1578235,106.758,1,1,106.424
20,0,0,1,13,0.577,109.0059444,106.424,1,0,107.001
21,0,0,1,14,0.26,108.9004211,106.424,1,0,107.261
22,0,0,1,15,-0.382,108.81845,106.424,1,0,106.879
23,0,0,1,16,-0.431,108.7260952,106.424,1,0,106.448
24,0,0,1,17,0.118,108.6225455,106.424,1,0,106.566
25,0,0,1,18,-0.007,108.5331304,106.424,1,0,106.559
26,0,0,1,19,0.054,108.450875,106.424,1,0,106.613
27,0,0,1,20,-0.077,108.37736,106.424,1,0,106.536
28,0,0,1,21,-0.078,108.3065385,106.424,1,0,106.458
29,0,0,1,22,0.212,108.2380741,106.424,1,0,106.67
30,0,0,1,23,1.496,108.1820714,106.424,1,0,108.166
36,0,0,1,29,5.259,108.1815172,106.424,0,0,113.425
37,0,0,1,30,-5.327,108.3563,106.424,1,0,108.098
38,0,0,1,31,-1.321,108.3479677,106.424,1,0,106.777
39,0,0,1,32,-0.702,108.298875,106.424,1,1,106.075
40,0,0,1,33,0.025,108.2314848,106.075,1,0,106.1
41,0,0,1,34,-0.774,108.1687941,106.075,1,1,105.326
42,0,0,1,35,0.277,108.0875714,105.326,1,0,105.603
43,0,0,1,36,0.227,108.0185556,105.326,1,0,105.83
44,0,0,1,37,0.772,107.9594054,105.326,1,0,106.602
45,0,0,1,38,-0.685,107.9236842,105.326,1,0,105.917
46,0,0,1,39,0.168,107.8722308,105.326,1,0,106.085
47,0,0,1,40,28.774,107.82755,105.326,0,0,134.859
50,1,0,0,4,13.032,108.4868537,105.326,0,0,147.891
51,1,0,0,5,-41.228,109.4250476,105.326,1,0,106.663
3,1,0,0,3,-1.137,110.157,110.157,1,1,109.02
4,1,0,0,4,-0.593,109.5885,109.02,1,1,108.427
5,1,0,0,5,0.36,109.2013333,108.427,1,0,108.787
6,1,0,0,6,-0.07,109.09775,108.427,1,0,108.717
7,1,0,0,7,-0.287,109.0216,108.427,1,0,108.43
8,1,0,0,8,-0.241,108.923,108.427,1,1,108.189
9,1,0,0,9,0.938,108.8181429,108.189,0,0,109.127
10,1,0,0,10,-1.469,108.85675,108.189,1,1,107.658
11,1,0,0,11,-0.384,108.7235556,107.658,1,1,107.274
12,1,0,0,12,-0.209,108.5786,107.274,1,1,107.065
13,1,0,0,13,0.119,108.441,107.065,1,0,107.184
14,1,0,0,14,-0.332,108.33625,107.065,1,1,106.852
15,1,0,0,15,-0.209,108.2220769,106.852,1,1,106.643
16,1,0,0,16,-0.034,108.1092857,106.643,1,1,106.609
17,1,0,0,17,-0.027,108.0092667,106.609,1,1,106.582
18,1,0,0,18,3.777,107.9200625,106.582,0,0,110.359
19,0,0,1,1,12.433,108.0635294,106.582,0,0,122.792
20,0,0,1,2,-16.265,108.8817778,106.582,1,1,106.527
21,0,0,1,3,0.066,108.7578421,106.527,1,0,106.593
22,0,0,1,4,0.101,108.6496,106.527,1,0,106.694
23,0,0,1,5,-0.226,108.5564762,106.527,1,1,106.468
24,0,0,1,6,0.053,108.4615455,106.468,1,0,106.521
25,0,0,1,7,-0.177,108.3771739,106.468,1,1,106.344
26,0,0,1,8,-0.232,108.2924583,106.344,1,1,106.112
27,0,0,1,9,0.537,108.20524,106.112,1,0,106.649
28,0,0,1,10,-0.038,108.1453846,106.112,1,0,106.611
29,0,0,1,11,-0.313,108.0885556,106.112,1,0,106.298
30,0,0,1,12,0.797,108.0246071,106.112,1,0,107.095
31,0,0,1,13,34.122,107.9925517,106.112,0,0,141.217
36,0,0,1,18,-29.815,109.1000333,106.112,0,0,111.402
37,0,0,1,19,-4.645,109.1742903,106.112,1,0,106.757
38,0,0,1,20,-0.829,109.09875,106.112,1,1,105.928
39,0,0,1,21,-0.447,109.0026667,105.928,1,1,105.481
40,0,0,1,22,-0.019,108.8990882,105.481,1,1,105.462
41,0,0,1,23,-0.572,108.8008857,105.462,1,1,104.89
42,0,0,1,24,0.486,108.69225,104.89,1,0,105.376
43,0,0,1,25,-0.126,108.6026216,104.89,1,0,105.25
44,0,0,1,26,-0.336,108.5143947,104.89,1,0,104.914
45,0,0,1,27,0.875,108.4220769,104.89,1,0,105.789
46,0,0,1,28,-0.463,108.35625,104.89,1,0,105.326
47,0,0,1,29,28.333,108.2823415,104.89,0,0,133.659
51,1,0,0,5,-28.521,108.8865476,104.89,1,0,105.138
3,0,1,0,3,-1.523,112.208,112.208,1,1,110.685
4,0,1,0,4,-0.738,111.4465,110.685,1,1,109.947
5,0,1,0,5,-0.475,110.9466667,109.947,1,1,109.472
6,0,1,0,6,-0.003,110.578,109.472,1,1,109.469
7,0,1,0,7,-0.147,110.3562,109.469,1,1,109.322
8,0,1,0,8,-0.068,110.1838333,109.322,1,1,109.254
9,0,1,0,9,5.103,110.051,109.254,0,0,114.357
10,0,0,1,1,14.349,110.58925,109.254,0,0,128.706
11,0,0,1,2,-20.159,112.6022222,109.254,1,1,108.547
12,0,0,1,3,0.062,112.1967,108.547,1,0,108.609
13,0,0,1,4,-0.196,111.8705455,108.547,1,1,108.413
14,0,0,1,5,-0.279,111.5824167,108.413,1,1,108.134
15,0,0,1,6,0.402,111.3171538,108.134,1,0,108.536
16,0,0,1,7,-0.473,111.1185,108.134,1,1,108.063
17,0,0,1,8,-0.195,110.9148,108.063,1,1,107.868
18,0,0,1,9,0.072,110.724375,107.868,1,0,107.94
19,0,0,1,10,-0.186,110.5605882,107.868,1,1,107.754
20,0,0,1,11,0.266,110.4046667,107.754,1,0,108.02
21,0,0,1,12,-0.416,110.2791579,107.754,1,1,107.604
22,0,0,1,13,0.086,110.1454,107.604,1,0,107.69
23,0,0,1,14,-0.21,110.0284762,107.604,1,1,107.48
24,0,0,1,15,0.474,109.9126364,107.48,1,0,107.954
25,0,0,1,16,-0.158,109.8274783,107.48,1,0,107.796
26,0,0,1,17,-0.16,109.7428333,107.48,1,0,107.636
27,0,0,1,18,-0.076,109.65856,107.48,1,0,107.56
28,0,0,1,19,0.089,109.5778462,107.48,1,0,107.649
29,0,0,1,20,-0.026,109.5064074,107.48,1,0,107.623
30,0,0,1,21,20.867,109.4391429,107.48,0,0,128.49
31,0,0,1,22,15.769,110.096069,107.48,0,0,144.259
32,0,0,1,23,-11.414,111.2348333,107.48,0,0,132.845
36,0,0,1,27,-15.544,111.9319355,107.48,0,0,117.301
37,0,0,1,28,-7.731,112.0997188,107.48,1,0,109.57
38,0,0,1,29,-0.903,112.0230606,107.48,1,0,108.667
39,0,0,1,30,-0.055,111.9243529,107.48,1,0,108.612
40,0,0,1,31,-0.932,111.8297143,107.48,1,0,107.68
41,0,0,1,32,-0.134,111.7144444,107.48,1,0,107.546
42,0,0,1,33,-0.938,111.6017838,107.48,1,1,106.608
43,0,0,1,34,0.49,111.4703684,106.608,1,0,107.098
44,0,0,1,35,-0.021,111.3582564,106.608,1,0,107.077
45,0,0,1,36,-0.332,111.251225,106.608,1,0,106.745
46,0,0,1,37,4.628,111.1413171,106.608,0,0,111.373
47,0,0,1,38,25.176,111.1468333,106.608,0,0,136.549
50,1,0,0,2,-19.637,111.7375814,106.608,0,0,116.912
51,1,0,0,3,-9.581,111.8551818,106.608,1,0,107.331
3,0,1,0,3,0.318,111.655,111.655,0,0,111.973
4,0,1,0,4,-1.718,111.814,111.655,1,1,110.255
5,0,1,0,5,-1.39,111.2943333,110.255,1,1,108.865
6,0,1,0,6,0.159,110.687,108.865,1,0,109.024
7,0,1,0,7,-0.239,110.3544,108.865,1,1,108.785
8,0,1,0,8,-0.218,110.0928333,108.785,1,1,108.567
9,0,1,0,9,-0.068,109.8748571,108.567,1,1,108.499
10,0,1,0,10,0.786,109.702875,108.499,1,0,109.285
11,0,1,0,11,0.066,109.6564444,108.499,1,0,109.351
12,0,1,0,12,-0.088,109.6259,108.499,1,0,109.263
13,0,1,0,13,4.887,109.5929091,108.499,0,0,114.15
14,0,0,1,1,10.929,109.9726667,108.499,0,0,125.079
15,0,0,1,2,-16.844,111.1346923,108.499,1,1,108.235
16,0,0,1,3,0.173,110.9275714,108.235,1,0,108.408
17,0,0,1,4,-0.727,110.7596,108.235,1,1,107.681
18,0,0,1,5,0.116,110.5671875,107.681,1,0,107.797
19,0,0,1,6,-0.323,110.4042353,107.681,1,1,107.474
20,0,0,1,7,-0.272,110.2414444,107.474,1,1,107.202
21,0,0,1,8,0.456,110.0814737,107.202,1,0,107.658
22,0,0,1,9,-0.2,109.9603,107.202,1,0,107.458
23,0,0,1,10,-0.001,109.8411429,107.202,1,0,107.457
24,0,0,1,11,0.078,109.7327727,107.202,1,0,107.535
25,0,0,1,12,-0.579,109.6372174,107.202,1,1,106.956
26,0,0,1,13,0.15,109.5255,106.956,1,0,107.106
27,0,0,1,14,0.59,109.42872,106.956,1,0,107.696
28,0,0,1,15,-0.635,109.3620769,106.956,1,0,107.061
29,0,0,1,16,-0.417,109.2768519,106.956,1,1,106.644
30,0,0,1,17,15.176,109.1828214,106.644,0,0,121.82
31,0,0,1,18,26.381,109.6185862,106.644,0,0,148.201
32,0,0,1,19,-8.515,110.9046667,106.644,0,0,139.686
36,0,0,1,23,-24.523,111.8330968,106.644,0,0,115.163
37,0,0,1,24,-5.916,111.9371563,106.644,1,0,109.247
38,0,0,1,25,-1.585,111.8556364,106.644,1,0,107.662
39,0,0,1,26,-1.498,111.7322941,106.644,1,1,106.164
40,0,0,1,27,0.108,111.5732,106.164,1,0,106.272
41,0,0,1,28,0.018,111.4259444,106.164,1,0,106.29
42,0,0,1,29,-0.659,111.2871351,106.164,1,1,105.631
43,0,0,1,30,-0.03,111.1382895,105.631,1,1,105.601
44,0,0,1,31,0.323,110.9963077,105.601,1,0,105.924
45,0,0,1,32,1.392,110.8695,105.601,1,0,107.316
46,0,0,1,33,-0.357,110.7828293,105.601,1,0,106.959
47,0,0,1,34,32.304,110.6917857,105.601,0,0,139.263
50,1,0,0,2,3.282,111.3562326,105.601,0,0,142.545
51,1,0,0,3,-36.119,112.0650682,105.601,1,0,106.426
3,1,0,0,3,-1.924,113.144,113.144,1,1,111.22
4,1,0,0,4,-1.265,112.182,111.22,1,1,109.955
5,1,0,0,5,-0.084,111.4396667,109.955,1,1,109.871
6,1,0,0,6,0.408,111.0475,109.871,1,0,110.279
7,1,0,0,7,0.385,110.8938,109.871,1,0,110.664
8,1,0,0,8,0.327,110.8555,109.871,0,0,110.991
9,1,0,0,9,6.053,110.8748571,109.871,0,0,117.044
10,0,0,1,1,13.504,111.646,109.871,0,0,130.548
11,0,0,1,2,-19.077,113.7462222,109.871,1,0,111.471
12,0,0,1,3,-1.864,113.5187,109.871,1,1,109.607
13,0,0,1,4,-0.597,113.1630909,109.607,1,1,109.01
14,0,0,1,5,0.425,112.817,109.01,1,0,109.435
15,0,0,1,6,0.289,112.5568462,109.01,1,0,109.724
16,0,0,1,7,-0.574,112.3545,109.01,1,0,109.15
17,0,0,1,8,0.004,112.1408667,109.01,1,0,109.154
18,0,0,1,9,-0.121,111.9541875,109.01,1,0,109.033
19,0,0,1,10,-0.351,111.7823529,109.01,1,1,108.682
20,0,0,1,11,-0.205,111.6101111,108.682,1,1,108.477
21,0,0,1,12,0.566,111.4452105,108.477,1,0,109.043
22,0,0,1,13,-0.575,111.3251,108.477,1,1,108.468
23,0,0,1,14,0.255,111.1890476,108.468,1,0,108.723
24,0,0,1,15,14.422,111.0769545,108.468,0,0,123.145
25,0,0,1,16,-11.639,111.6016522,108.468,1,0,111.506
26,0,0,1,17,-0.498,111.5976667,108.468,1,0,111.008
27,0,0,1,18,-1.996,111.57408,108.468,1,0,109.012
28,0,0,1,19,-0.373,111.4755385,108.468,1,0,108.639
29,0,0,1,20,-0.281,111.3704815,108.468,1,1,108.358
30,0,0,1,21,29.944,111.2628929,108.358,0,0,138.302
34,0,0,1,25,-13.173,112.1952759,108.358,0,0,125.129
35,1,0,0,3,6.709,112.6264,108.358,0,0,131.838
36,1,0,0,4,-21.445,113.246129,108.358,1,0,110.393
37,1,0,0,5,-2.078,113.1569688,108.358,1,1,108.315
38,1,0,0,6,-0.205,113.0102424,108.315,1,1,108.11
39,1,0,0,7,-0.291,112.8661176,108.11,1,1,107.819
40,1,0,0,8,-0.072,112.7219143,107.819,1,1,107.747
41,1,0,0,9,0.192,112.5837222,107.747,1,0,107.939
42,1,0,0,10,0.907,112.4581892,107.747,1,0,108.846
43,1,0,0,11,1.409,112.3631316,107.747,1,0,110.255
44,1,0,0,12,4.272,112.3090769,107.747,0,0,114.527
45,1,0,0,6,24.039,112.364525,107.747,0,0,138.566
46,1,0,0,7,4.172,113.0035854,107.747,0,0,142.738
50,1,0,0,11,-25.77,113.7115476,107.747,0,0,116.968
51,1,0,0,12,-8.845,113.7872791,107.747,1,0,108.123
3,1,0,0,8,0.176,109.031,109.031,0,0,109.207
4,1,0,0,9,-1.269,109.119,109.031,1,1,107.938
5,1,0,0,10,-0.295,108.7253333,107.938,1,1,107.643
6,1,0,0,11,0.272,108.45475,107.643,1,0,107.915
7,1,0,0,12,-0.21,108.3468,107.643,1,0,107.705
8,1,0,0,13,-0.309,108.2398333,107.643,1,1,107.396
9,1,0,0,14,0.014,108.1192857,107.396,1,0,107.41
10,1,0,0,15,-0.312,108.030625,107.396,1,1,107.098
11,1,0,0,16,4.184,107.927,107.098,0,0,111.282
51,1,0,0,5,-27.854,108.915,105.22,1,0,105.588
3,1,0,0,6,-0.536,109.18,109.18,1,1,108.644
4,1,0,0,7,-0.802,108.912,108.644,1,1,107.842
5,1,0,0,8,-0.685,108.5553333,107.842,1,1,107.157
6,1,0,0,9,0.356,108.20575,107.157,1,0,107.513
7,1,0,0,10,-0.467,108.0672,107.157,1,1,107.046
8,1,0,0,11,0.227,107.897,107.046,1,0,107.273
9,1,0,0,12,0.142,107.8078571,107.046,1,0,107.415
10,1,0,0,13,-0.534,107.75875,107.046,1,1,106.881
11,1,0,0,14,0.616,107.6612222,106.881,1,0,107.497
12,1,0,0,15,-0.697,107.6448,106.881,1,1,106.8
13,1,0,0,16,3.16,107.568,106.8,0,0,109.96
14,0,0,1,1,14.419,107.7673333,106.8,0,0,124.379
15,0,0,1,2,-18.511,109.0451538,106.8,1,1,105.868
16,0,0,1,3,0.473,108.8182143,105.868,1,0,106.341
17,0,0,1,4,-0.219,108.6530667,105.868,1,0,106.122
18,0,0,1,5,-0.059,108.494875,105.868,1,0,106.063
19,0,0,1,6,-0.265,108.3518235,105.868,1,1,105.798
20,0,0,1,7,0.039,108.2099444,105.798,1,0,105.837
21,0,0,1,8,-0.115,108.0850526,105.798,1,1,105.722
22,0,0,1,9,0.176,107.9669,105.722,1,0,105.898
23,0,0,1,10,-0.282,107.868381,105.722,1,1,105.616
24,0,0,1,11,-0.025,107.766,105.616,1,1,105.591
25,0,0,1,12,0.014,107.6714348,105.591,1,0,105.605
26,0,0,1,13,1.368,107.5853333,105.591,1,0,106.973
27,0,0,1,14,-0.978,107.56084,105.591,1,0,105.995
28,0,0,1,15,-0.135,107.5006154,105.591,1,0,105.86
29,0,0,1,16,-0.05,107.4398519,105.591,1,0,105.81
30,0,0,1,17,0.213,107.3816429,105.591,1,0,106.023
31,0,0,1,18,29.544,107.3347931,105.591,0,0,135.567
36,0,0,1,23,-26.329,108.2758667,105.591,0,0,109.238
37,0,0,1,24,-2.722,108.3069032,105.591,1,0,106.516
38,0,0,1,25,-0.627,108.2509375,105.591,1,0,105.889
39,0,0,1,26,-0.484,108.1793636,105.591,1,1,105.405
40,0,0,1,27,-0.209,108.0977647,105.405,1,1,105.196
41,0,0,1,28,-0.246,108.0148571,105.196,1,1,104.95
42,0,0,1,29,0.101,107.9297222,104.95,1,0,105.051
43,0,0,1,30,-0.257,107.8519189,104.95,1,1,104.794
44,0,0,1,31,0.079,107.7714474,104.794,1,0,104.873
45,0,0,1,32,-0.186,107.6971282,104.794,1,1,104.687
46,0,0,1,33,0.048,107.621875,104.687,1,0,104.735
47,0,0,1,34,31.43,107.5514634,104.687,0,0,136.165
51,1,0,0,5,-31.462,108.2327381,104.687,1,0,104.703
3,1,0,0,6,-1.302,110.062,110.062,1,1,108.76
4,1,0,0,7,-0.098,109.411,108.76,1,1,108.662
5,1,0,0,8,-0.214,109.1613333,108.662,1,1,108.448
6,1,0,0,9,0.484,108.983,108.448,1,0,108.932
7,1,0,0,10,5.583,108.9728,108.448,0,0,114.515
8,0,0,1,1,10.993,109.8965,108.448,0,0,125.508
9,0,0,1,2,-17.462,112.1267143,108.448,1,1,108.046
10,0,0,1,3,1.39,111.616625,108.046,1,0,109.436
11,0,0,1,4,-0.133,111.3743333,108.046,1,0,109.303
12,0,0,1,5,-1.161,111.1672,108.046,1,0,108.142
13,0,0,1,6,0.091,110.8921818,108.046,1,0,108.233
14,0,0,1,7,0.129,110.6705833,108.046,1,0,108.362
15,0,0,1,8,-0.261,110.493,108.046,1,0,108.101
16,0,0,1,9,0.844,110.3221429,108.046,1,0,108.945
17,0,0,1,10,-0.525,110.2303333,108.046,1,0,108.42
18,0,0,1,11,-0.289,110.1171875,108.046,1,0,108.131
19,0,0,1,12,0.119,110.0003529,108.046,1,0,108.25
20,0,0,1,13,-0.415,109.9031111,108.046,1,1,107.835
21,0,0,1,14,0.092,109.7942632,107.835,1,0,107.927
22,0,0,1,15,-0.258,109.7009,107.835,1,1,107.669
23,0,0,1,16,-0.141,109.6041429,107.669,1,1,107.528
24,0,0,1,17,-0.303,109.5097727,107.528,1,1,107.225
25,0,0,1,18,0.119,109.4104348,107.225,1,0,107.344
26,0,0,1,19,0.269,109.3243333,107.225,1,0,107.613
27,0,0,1,20,1.36,109.25588,107.225,1,0,108.973
28,0,0,1,21,-1.738,109.245,107.225,1,0,107.235
29,0,0,1,22,-0.033,109.1705556,107.225,1,1,107.202
30,0,0,1,23,9.733,109.10025,107.202,0,0,116.935
31,0,0,1,24,30.315,109.3704138,107.202,0,0,147.25
32,0,0,1,25,-0.05,110.6330667,107.202,0,0,147.2
36,1,0,0,4,-33.11,111.8126452,107.202,0,0,114.09
37,1,0,0,5,-5.011,111.8838125,107.202,1,0,109.079
38,1,0,0,6,-2.083,111.7988182,107.202,1,1,106.996
39,1,0,0,7,-0.682,111.6575588,106.996,1,1,106.314
40,1,0,0,8,0.335,111.5048857,106.314,1,0,106.649
41,1,0,0,9,-0.305,111.37,106.314,1,0,106.344
42,1,0,0,10,-0.72,111.2341622,106.314,1,1,105.624
43,1,0,0,11,0.411,111.0865263,105.624,1,0,106.035
44,1,0,0,12,0.241,110.957,105.624,1,0,106.276
45,1,0,0,13,0.995,110.839975,105.624,1,0,107.271
46,1,0,0,14,-0.541,110.7529268,105.624,1,0,106.73
47,1,0,0,15,31.661,110.6571429,105.624,0,0,138.391
50,1,0,0,18,6.619,111.3021163,105.624,0,0,145.01
51,1,0,0,19,-39.295,112.0682045,105.624,1,0,105.715
3,1,0,0,6,-0.926,109.672,109.672,1,1,108.746
4,1,0,0,7,-1.146,109.209,108.746,1,1,107.6
5,1,0,0,8,-0.34,108.6726667,107.6,1,1,107.26
6,1,0,0,9,0.703,108.3195,107.26,1,0,107.963
7,1,0,0,10,0.648,108.2482,107.26,0,0,108.611
8,1,0,0,11,0.11,108.3086667,107.26,0,0,108.721
9,1,0,0,12,3.102,108.3675714,107.26,0,0,111.823
36,0,0,1,53,-26.574,109.1834333,106.178,0,0,112.944
37,0,0,1,54,-5.281,109.3047419,106.178,1,0,107.663
38,0,0,1,55,-0.777,109.2534375,106.178,1,0,106.886
39,0,0,1,56,-1.081,109.181697,106.178,1,1,105.805
40,0,0,1,57,-0.052,109.0823824,105.805,1,1,105.753
41,0,0,1,58,-0.021,108.9872571,105.753,1,1,105.732
42,0,0,1,59,-0.02,108.8968333,105.732,1,1,105.712
43,0,0,1,60,-0.118,108.8107568,105.712,1,1,105.594
44,0,0,1,61,0.186,108.7261053,105.594,1,0,105.78
45,0,0,1,62,-0.242,108.6505641,105.594,1,1,105.538
46,0,0,1,63,-0.156,108.57275,105.538,1,1,105.382
47,0,0,1,64,27.956,108.4949268,105.382,0,0,133.338
51,1,0,0,5,-26.646,109.0864286,105.382,1,0,106.692
3,0,0,1,3,-1.863,111.395,111.395,1,1,109.532
4,0,0,1,4,-0.621,110.4635,109.532,1,1,108.911
5,0,0,1,5,-0.049,109.946,108.911,1,1,108.862
6,0,0,1,6,-0.353,109.675,108.862,1,1,108.509
7,0,0,1,7,-0.276,109.4418,108.509,1,1,108.233
8,0,0,1,8,0.082,109.2403333,108.233,1,0,108.315
9,0,0,1,9,-0.308,109.1081429,108.233,1,1,108.007
10,0,0,1,10,0.175,108.9705,108.007,1,0,108.182
11,0,0,1,11,-0.096,108.8828889,108.007,1,0,108.086
12,0,0,1,12,0.346,108.8032,108.007,1,0,108.432
13,0,0,1,13,-0.337,108.7694545,108.007,1,0,108.095
14,0,0,1,14,-0.833,108.71325,108.007,1,1,107.262
15,0,0,1,15,-0.38,108.6016154,107.262,1,1,106.882
16,0,0,1,16,-0.084,108.4787857,106.882,1,1,106.798
17,0,0,1,17,0.155,108.3667333,106.798,1,0,106.953
18,0,0,1,18,-0.201,108.278375,106.798,1,1,106.752
19,0,0,1,19,-0.015,108.1885882,106.752,1,1,106.737
20,0,0,1,20,-0.096,108.1079444,106.737,1,1,106.641
21,0,0,1,21,0.172,108.0307368,106.641,1,0,106.813
22,0,0,1,22,-0.202,107.96985,106.641,1,1,106.611
23,0,0,1,23,-0.029,107.9051429,106.611,1,1,106.582
24,0,0,1,24,-0.161,107.845,106.582,1,1,106.421
25,0,0,1,25,-0.125,107.783087,106.421,1,1,106.296
26,0,0,1,26,0.257,107.721125,106.296,1,0,106.553
27,0,0,1,27,-0.145,107.6744,106.296,1,0,106.408
28,0,0,1,28,-0.201,107.6256923,106.296,1,1,106.207
29,0,0,1,29,0.327,107.5731481,106.207,1,0,106.534
3,1,0,0,9,-1.537,110.071,110.071,1,1,108.534
4,1,0,0,10,0.464,109.3025,108.534,1,0,108.998
5,1,0,0,11,-0.856,109.201,108.534,1,1,108.142
6,1,0,0,12,0.553,108.93625,108.142,1,0,108.695
7,1,0,0,13,0.215,108.888,108.142,0,0,108.91
8,1,0,0,14,-0.572,108.8916667,108.142,1,0,108.338
9,1,0,0,15,3.038,108.8125714,108.142,0,0,111.376
10,0,0,1,1,13.943,109.133,108.142,0,0,125.319
11,0,0,1,2,-17.339,110.9314444,108.142,1,1,107.98
12,0,0,1,3,-0.551,110.6363,107.98,1,1,107.429
13,0,0,1,4,0.053,110.3447273,107.429,1,0,107.482
14,0,0,1,5,-0.21,110.1061667,107.429,1,1,107.272
15,0,0,1,6,-0.43,109.8881538,107.272,1,1,106.842
16,0,0,1,7,0.181,109.6705714,106.842,1,0,107.023
17,0,0,1,8,-0.102,109.4940667,106.842,1,0,106.921
18,0,0,1,9,-0.237,109.33325,106.842,1,1,106.684
19,0,0,1,10,0.168,109.1774118,106.684,1,0,106.852
20,0,0,1,11,0.099,109.0482222,106.684,1,0,106.951
21,0,0,1,12,-0.263,108.9378421,106.684,1,0,106.688
22,0,0,1,13,0.244,108.82535,106.684,1,0,106.932
23,0,0,1,14,-0.317,108.7351905,106.684,1,1,106.615
24,0,0,1,15,-0.227,108.6388182,106.615,1,1,106.388
25,0,0,1,16,0.112,108.5409565,106.388,1,0,106.5
26,0,0,1,17,0.227,108.4559167,106.388,1,0,106.727
27,0,0,1,18,-0.157,108.38676,106.388,1,0,106.57
28,0,0,1,19,-0.04,108.3168846,106.388,1,0,106.53
29,0,0,1,20,0.11,108.2507037,106.388,1,0,106.64
30,0,0,1,21,0.402,108.1931786,106.388,1,0,107.042
31,0,0,1,22,34.708,108.1534828,106.388,0,0,141.75
36,0,0,1,27,-28.534,109.2733667,106.388,0,0,113.216
37,0,0,1,28,-5.356,109.4005484,106.388,1,0,107.86
38,0,0,1,29,-1.487,109.3524063,106.388,1,1,106.373
39,0,0,1,30,-0.334,109.2621212,106.373,1,1,106.039
40,0,0,1,31,0.06,109.1673235,106.039,1,0,106.099
41,0,0,1,32,-0.29,109.0796571,106.039,1,1,105.809
42,0,0,1,33,0.084,108.9888056,105.809,1,0,105.893
43,0,0,1,34,-0.149,108.9051351,105.809,1,1,105.744
44,0,0,1,35,0.15,108.8219474,105.744,1,0,105.894
45,0,0,1,36,-0.413,108.7468718,105.744,1,1,105.481
46,0,0,1,37,-0.542,108.665225,105.481,1,1,104.939
47,0,0,1,38,30.043,108.5743415,104.939,0,0,134.982
51,1,0,0,5,-29.581,109.2030952,104.939,1,0,105.401
3,1,0,0,3,19.956,110.85,110.85,0,0,130.806
3,1,0,0,4,-1.51,109.55,109.55,1,1,108.04
4,1,0,0,5,-0.214,108.795,108.04,1,1,107.826
5,1,0,0,6,-0.719,108.472,107.826,1,1,107.107
6,1,0,0,7,0.441,108.13075,107.107,1,0,107.548
7,1,0,0,8,-0.33,108.0142,107.107,1,0,107.218
8,1,0,0,9,-0.069,107.8815,107.107,1,0,107.149
9,1,0,0,10,-0.024,107.7768571,107.107,1,0,107.125
10,1,0,0,11,0.17,107.695375,107.107,1,0,107.295
11,1,0,0,12,0.032,107.6508889,107.107,1,0,107.327
12,1,0,0,13,3.062,107.6185,107.107,0,0,110.389
13,0,0,1,1,12.562,107.8703636,107.107,0,0,122.951
14,0,0,1,2,-16.759,109.1270833,107.107,1,1,106.192
15,0,0,1,3,0.193,108.9013077,106.192,1,0,106.385
16,0,0,1,4,-0.644,108.7215714,106.192,1,1,105.741
17,0,0,1,5,0.179,108.5228667,105.741,1,0,105.92
18,0,0,1,6,0.181,108.3601875,105.741,1,0,106.101
19,0,0,1,7,-0.204,108.2272941,105.741,1,0,105.897
20,0,0,1,8,0.069,108.0978333,105.741,1,0,105.966
21,0,0,1,9,-0.261,107.9856316,105.741,1,1,105.705
22,0,0,1,10,0.07,107.8716,105.705,1,0,105.775
23,0,0,1,11,-0.099,107.7717619,105.705,1,1,105.676
24,0,0,1,12,-0.22,107.6765,105.676,1,1,105.456
25,0,0,1,13,-0.041,107.5799565,105.456,1,1,105.415
26,0,0,1,14,-0.063,107.48975,105.415,1,1,105.352
27,0,0,1,15,0.1,107.40424,105.352,1,0,105.452
28,0,0,1,16,0.098,107.3291538,105.352,1,0,105.55
29,0,0,1,17,-0.156,107.2632593,105.352,1,0,105.394
30,0,0,1,18,0.259,107.1965,105.352,1,0,105.653
31,0,0,1,19,26.524,107.1432759,105.352,0,0,132.177
36,0,0,1,24,-24.528,107.9777333,105.352,1,0,107.649
37,0,0,1,25,-1.897,107.967129,105.352,1,0,105.752
38,0,0,1,26,-0.426,107.8979063,105.352,1,1,105.326
39,0,0,1,27,-0.201,107.8199697,105.326,1,1,105.125
40,0,0,1,28,-0.32,107.7407059,105.125,1,1,104.805
41,0,0,1,29,0.056,107.6568286,104.805,1,0,104.861
42,0,0,1,30,0.325,107.5791667,104.805,1,0,105.186
43,0,0,1,31,-0.257,107.5144865,104.805,1,0,104.929
44,0,0,1,32,-0.448,107.4464474,104.805,1,1,104.481
45,0,0,1,33,0.007,107.3704103,104.481,1,0,104.488
3,1,0,0,7,-1.176,109.236,109.236,1,1,108.06
4,1,0,0,8,-0.598,108.648,108.06,1,1,107.462
5,1,0,0,9,0.18,108.2526667,107.462,1,0,107.642
6,1,0,0,10,-0.248,108.1,107.462,1,1,107.394
7,1,0,0,11,-0.338,107.9588,107.394,1,1,107.056
8,1,0,0,12,0.028,107.8083333,107.056,1,0,107.084
9,1,0,0,13,0.315,107.7048571,107.056,1,0,107.399
10,1,0,0,14,0.042,107.666625,107.056,1,0,107.441
11,1,0,0,15,3.777,107.6415556,107.056,0,0,111.218
12,0,0,1,1,15.465,107.9992,107.056,0,0,126.683
13,0,0,1,2,-20.083,109.6977273,107.056,1,1,106.6
14,0,0,1,3,0.07,109.4395833,106.6,1,0,106.67
15,0,0,1,4,0.243,109.2265385,106.6,1,0,106.913
16,0,0,1,5,-1.238,109.0612857,106.6,1,1,105.675
17,0,0,1,6,0.47,108.8355333,105.675,1,0,106.145
18,0,0,1,7,-0.382,108.667375,105.675,1,0,105.763
19,0,0,1,8,0.466,108.4965294,105.675,1,0,106.229
20,0,0,1,9,-0.319,108.3705556,105.675,1,0,105.91
21,0,0,1,10,-0.096,108.2410526,105.675,1,0,105.814
22,0,0,1,11,0.302,108.1197,105.675,1,0,106.116
23,0,0,1,12,0.263,108.0242857,105.675,1,0,106.379
24,0,0,1,13,-0.096,107.9495,105.675,1,0,106.283
25,0,0,1,14,-0.663,107.8770435,105.675,1,1,105.62
26,0,0,1,15,0.424,107.783,105.62,1,0,106.044
27,0,0,1,16,0.302,107.71344,105.62,1,0,106.346
28,0,0,1,17,-0.245,107.6608462,105.62,1,0,106.101
29,0,0,1,18,-0.255,107.6030741,105.62,1,0,105.846
30,0,0,1,19,-0.254,107.5403214,105.62,1,1,105.592
31,0,0,1,20,32.818,107.4731379,105.592,0,0,138.41
36,0,0,1,25,-28.309,108.5043667,105.592,0,0,110.101
37,0,0,1,26,-3.587,108.555871,105.592,1,0,106.514
38,0,0,1,27,-1.299,108.4920625,105.592,1,1,105.215
39,0,0,1,28,0.805,108.3927576,105.215,1,0,106.02
40,0,0,1,29,-1.001,108.3229706,105.215,1,1,105.019
41,0,0,1,30,0.008,108.2285714,105.019,1,0,105.027
42,0,0,1,31,0.231,108.1396389,105.019,1,0,105.258
43,0,0,1,32,-0.489,108.0617568,105.019,1,1,104.769
44,0,0,1,33,0.01,107.9751053,104.769,1,0,104.779
45,0,0,1,34,0.078,107.8931538,104.769,1,0,104.857
46,0,0,1,35,0.247,107.81725,104.769,1,0,105.104
47,0,0,1,36,30.302,107.7510732,104.769,0,0,135.406
51,1,0,0,7,-24.321,108.4095238,104.769,0,0,111.085
3,1,0,0,3,-1.903,112.393,112.393,1,1,110.49
4,1,0,0,4,0.098,111.4415,110.49,1,0,110.588
5,1,0,0,5,-0.485,111.157,110.49,1,1,110.103
6,1,0,0,6,-0.396,110.8935,110.103,1,1,109.707
7,1,0,0,7,0.117,110.6562,109.707,1,0,109.824
8,1,0,0,8,3.762,110.5175,109.707,0,0,113.586
9,0,0,1,1,15.029,110.9558571,109.707,0,0,128.615
10,0,0,1,2,-20.7,113.16325,109.707,1,1,107.915
11,0,0,1,3,1.701,112.5801111,107.915,1,0,109.616
12,0,0,1,4,-1.201,112.2837,107.915,1,0,108.415
13,0,0,1,5,0.227,111.932,107.915,1,0,108.642
14,0,0,1,6,-0.001,111.6578333,107.915,1,0,108.641
15,0,0,1,7,-0.258,111.4257692,107.915,1,0,108.383
16,0,0,1,8,0.086,111.2084286,107.915,1,0,108.469
17,0,0,1,9,-0.266,111.0258,107.915,1,0,108.203
18,0,0,1,10,0.392,110.849375,107.915,1,0,108.595
19,0,0,1,11,-0.56,110.7167647,107.915,1,0,108.035
20,0,0,1,12,-0.064,110.5677778,107.915,1,0,107.971
21,0,0,1,13,-0.129,110.4311053,107.915,1,1,107.842
22,0,0,1,14,0.521,110.30165,107.842,1,0,108.363
23,0,0,1,15,-0.519,110.2093333,107.842,1,0,107.844
24,0,0,1,16,0.313,110.1018182,107.842,1,0,108.157
25,0,0,1,17,-0.323,110.0172609,107.842,1,1,107.834
26,0,0,1,18,0.109,109.9262917,107.834,1,0,107.943
27,0,0,1,19,0.576,109.84696,107.834,1,0,108.519
28,0,0,1,20,-0.03,109.7958846,107.834,1,0,108.489
29,0,0,1,21,-0.159,109.7474815,107.834,1,0,108.33
30,0,0,1,22,21.232,109.6968571,107.834,0,0,129.562
31,0,0,1,23,20.184,110.3818621,107.834,0,0,149.746
32,0,0,1,24,-20.539,111.694,107.834,0,0,129.207
36,1,0,0,4,-20.755,112.2589355,107.834,1,0,108.452
37,1,0,0,5,0.829,112.1399688,107.834,1,0,109.281
38,1,0,0,6,-0.572,112.0533333,107.834,1,0,108.709
39,1,0,0,7,-0.925,111.9549706,107.834,1,1,107.784
40,1,0,0,8,0.488,111.8358,107.784,1,0,108.272
41,1,0,0,9,-0.648,111.7368056,107.784,1,1,107.624
42,1,0,0,10,0.266,111.6256486,107.624,1,0,107.89
43,1,0,0,11,1.033,111.5273421,107.624,1,0,108.923
44,1,0,0,12,4.996,111.4605641,107.624,0,0,113.919
45,1,0,0,3,12.51,111.522025,107.624,0,0,126.429
46,1,0,0,4,-13.58,111.8856098,107.624,0,0,112.849
50,1,0,0,5,5.092,111.9085476,107.624,0,0,117.941
51,1,0,0,6,-10.172,112.0488372,107.624,1,0,107.769
3,1,0,0,6,-0.242,109.542,109.542,1,1,109.3
4,1,0,0,7,-0.737,109.421,109.3,1,1,108.563
5,1,0,0,8,-0.767,109.135,108.563,1,1,107.796
6,1,0,0,9,0.098,108.80025,107.796,1,0,107.894
7,1,0,0,10,0.19,108.619,107.796,1,0,108.084
8,1,0,0,11,-0.322,108.5298333,107.796,1,1,107.762
9,1,0,0,12,-0.467,108.4201429,107.762,1,1,107.295
10,1,0,0,13,4.247,108.2795,107.295,0,0,111.542
11,0,0,1,1,32.468,108.642,107.295,0,0,144.01
12,0,0,1,2,-36.486,112.1788,107.295,1,0,107.524
13,0,0,1,3,-0.308,111.7556364,107.295,1,1,107.216
14,0,0,1,4,-0.108,111.3773333,107.216,1,1,107.108
15,0,0,1,5,0.028,111.0489231,107.108,1,0,107.136
16,0,0,1,6,0.82,110.7694286,107.108,1,0,107.956
17,0,0,1,7,0.102,110.5818667,107.108,1,0,108.058
18,0,0,1,8,-0.326,110.424125,107.108,1,0,107.732
19,0,0,1,9,0.142,110.2657647,107.108,1,0,107.874
20,0,0,1,10,0.148,110.1328889,107.108,1,0,108.022
21,0,0,1,11,-0.743,110.0217895,107.108,1,0,107.279
22,0,0,1,12,0.304,109.88465,107.108,1,0,107.583
23,0,0,1,13,0.85,109.7750476,107.108,1,0,108.433
24,0,0,1,14,-2.398,109.7140455,107.108,1,1,106.035
25,0,0,1,15,0.307,109.554087,106.035,1,0,106.342
26,0,0,1,16,0.253,109.42025,106.035,1,0,106.595
27,0,0,1,17,0.856,109.30724,106.035,1,0,107.451
28,0,0,1,18,-1.152,109.2358462,106.035,1,0,106.299
29,0,0,1,19,-0.328,109.1270741,106.035,1,1,105.971
30,0,0,1,20,9.602,109.0143571,105.971,0,0,115.573
32,0,0,1,22,24.811,109.2405172,105.971,0,0,140.384
36,0,0,1,26,-26.612,110.2786333,105.971,0,0,113.772
37,0,0,1,27,-5.49,110.3913226,105.971,1,0,108.282
38,0,0,1,28,-1.316,110.3254063,105.971,1,0,106.966
39,0,0,1,29,-0.737,110.2236061,105.971,1,0,106.229
40,0,0,1,30,-0.494,110.1061176,105.971,1,1,105.735
41,0,0,1,31,0.166,109.9812286,105.735,1,0,105.901
42,0,0,1,32,-0.201,109.8678889,105.735,1,1,105.7
43,0,0,1,33,0.123,109.7552432,105.7,1,0,105.823
44,0,0,1,34,0.422,109.6517632,105.7,1,0,106.245
45,0,0,1,35,-0.544,109.5644103,105.7,1,0,105.701
46,0,0,1,36,1.239,109.467825,105.7,1,0,106.94
47,0,0,1,37,28.393,109.4061707,105.7,0,0,135.333
51,1,0,0,5,-29.158,110.0234762,105.7,1,0,106.175
36,0,0,1,2,-18.151,111.7436774,107.048,0,0,117.492
37,0,0,1,3,-7.968,111.9233125,107.048,1,0,109.524
38,0,0,1,4,-1.785,111.8506061,107.048,1,0,107.739
39,0,0,1,5,-0.399,111.7296765,107.048,1,0,107.34
40,0,0,1,6,-0.559,111.6042571,107.048,1,1,106.781
41,0,0,1,7,-0.619,111.4702778,106.781,1,1,106.162
42,0,0,1,8,-0.108,111.3268108,106.162,1,1,106.054
43,0,0,1,9,-0.095,111.1880526,106.054,1,1,105.959
44,0,0,1,10,0.758,111.0539744,105.959,1,0,106.717
45,0,0,1,11,-0.596,110.94555,105.959,1,0,106.121
46,0,0,1,12,1.864,110.827878,105.959,1,0,107.985
47,0,0,1,13,27.948,110.7601905,105.959,0,0,135.933
3,1,0,0,7,-1.103,110.418,110.418,1,1,109.315
4,1,0,0,8,-0.107,109.8665,109.315,1,1,109.208
5,1,0,0,9,-0.986,109.647,109.208,1,1,108.222
6,1,0,0,10,0.113,109.29075,108.222,1,0,108.335
7,1,0,0,11,0.542,109.0996,108.222,1,0,108.877
8,1,0,0,12,-0.459,109.0625,108.222,1,0,108.418
9,1,0,0,13,-0.284,108.9704286,108.222,1,1,108.134
10,1,0,0,14,0.192,108.865875,108.134,1,0,108.326
11,1,0,0,15,3.845,108.8058889,108.134,0,0,112.171
12,0,0,1,1,12.171,109.1424,108.134,0,0,124.342
13,0,0,1,2,-16.678,110.5241818,108.134,1,1,107.664
14,0,0,1,3,-0.312,110.2858333,107.664,1,1,107.352
15,0,0,1,4,-0.329,110.0601538,107.352,1,1,107.023
16,0,0,1,5,-0.397,109.8432143,107.023,1,1,106.626
17,0,0,1,6,-0.014,109.6287333,106.626,1,1,106.612
18,0,0,1,7,-0.359,109.4401875,106.612,1,1,106.253
19,0,0,1,8,-0.081,109.2527059,106.253,1,1,106.172
20,0,0,1,9,0.438,109.0815556,106.172,1,0,106.61
21,0,0,1,10,0.748,108.9514737,106.172,1,0,107.358
22,0,0,1,11,0.155,108.8718,106.172,1,0,107.513
23,0,0,1,12,0.223,108.8070952,106.172,1,0,107.736
24,0,0,1,13,-0.833,108.7584091,106.172,1,0,106.903
25,0,0,1,14,-0.133,108.6777391,106.172,1,0,106.77
26,0,0,1,15,-0.434,108.59825,106.172,1,0,106.336
27,0,0,1,16,0.049,108.50776,106.172,1,0,106.385
28,0,0,1,17,-0.321,108.4261154,106.172,1,1,106.064
29,0,0,1,18,0.111,108.3386296,106.064,1,0,106.175
30,0,0,1,19,2.123,108.2613571,106.064,0,0,108.298
36,0,0,1,25,8.404,108.2626207,106.064,0,0,116.702
37,0,0,1,26,-7.714,108.5439333,106.064,0,0,108.988
38,0,0,1,27,-0.599,108.5582581,106.064,1,0,108.389
39,0,0,1,28,-0.665,108.5529688,106.064,1,0,107.724
40,0,0,1,29,-1.292,108.5278485,106.064,1,0,106.432
41,0,0,1,30,-0.07,108.4662059,106.064,1,0,106.362
42,0,0,1,31,-0.386,108.4060857,106.064,1,1,105.976
43,0,0,1,32,-0.311,108.3385833,105.976,1,1,105.665
44,0,0,1,33,0.152,108.2663243,105.665,1,0,105.817
45,0,0,1,34,0.379,108.2018684,105.665,1,0,106.196
46,0,0,1,35,2.356,108.1504359,105.665,0,0,108.552
47,0,0,1,36,29.52,108.160475,105.665,0,0,138.072
50,1,0,0,6,-5.358,108.8900244,105.665,0,0,132.714
51,1,0,0,7,-25.952,109.4572619,105.665,1,0,106.762
3,0,0,1,1,10.277,115.997,115.997,0,0,126.274
4,0,0,1,2,-17.438,121.1355,115.997,1,1,108.836
5,0,0,1,3,-0.244,117.0356667,108.836,1,1,108.592
6,0,0,1,4,0.192,114.92475,108.592,1,0,108.784
7,0,0,1,5,-0.081,113.6966,108.592,1,0,108.703
8,0,0,1,6,-0.063,112.8643333,108.592,1,0,108.64
9,0,0,1,7,-0.402,112.2608571,108.592,1,1,108.238
10,0,0,1,8,0.069,111.758,108.238,1,0,108.307
11,0,0,1,9,0.892,111.3745556,108.238,1,0,109.199
12,0,0,1,10,-0.956,111.157,108.238,1,0,108.243
13,0,0,1,11,-0.075,110.8920909,108.238,1,1,108.168
14,0,0,1,12,-0.336,110.6650833,108.168,1,1,107.832
15,0,0,1,13,0.087,110.4471538,107.832,1,0,107.919
16,0,0,1,14,0.07,110.2665714,107.832,1,0,107.989
17,0,0,1,15,-0.184,110.1147333,107.832,1,1,107.805
18,0,0,1,16,0.288,109.970375,107.805,1,0,108.093
19,0,0,1,17,-0.295,109.8599412,107.805,1,1,107.798
20,0,0,1,18,-0.024,109.7453889,107.798,1,1,107.774
21,0,0,1,19,-0.267,109.6416316,107.774,1,1,107.507
22,0,0,1,20,0.248,109.5349,107.507,1,0,107.755
23,0,0,1,21,2.484,109.4501429,107.507,0,0,110.239
24,0,0,1,22,-1.981,109.486,107.507,1,0,108.258
25,0,0,1,23,-0.776,109.4326087,107.507,1,1,107.482
26,0,0,1,24,-0.123,109.3513333,107.482,1,1,107.359
27,0,0,1,25,0.003,109.27164,107.359,1,0,107.362
28,0,0,1,26,0.136,109.1981923,107.359,1,0,107.498
29,0,0,1,27,-0.181,109.1352222,107.359,1,1,107.317
30,0,0,1,28,12.833,109.0702857,107.317,0,0,120.15
31,0,0,1,29,26.943,109.4523448,107.317,0,0,147.093
32,0,0,1,30,-5.031,110.7070333,107.317,0,0,142.062
36,0,0,1,2,-25.975,111.7184839,107.317,0,0,116.087
37,0,0,1,3,-6.58,111.855,107.317,1,0,109.507
38,0,0,1,4,-2.365,111.7838485,107.317,1,1,107.142
39,0,0,1,5,-0.922,111.6473235,107.142,1,1,106.22
40,0,0,1,6,0.14,111.4922571,106.22,1,0,106.36
41,0,0,1,7,-0.338,111.3496944,106.22,1,1,106.022
42,0,0,1,8,0.087,111.2057027,106.022,1,0,106.109
43,0,0,1,9,-0.198,111.0715789,106.022,1,1,105.911
44,0,0,1,10,-0.336,110.9392564,105.911,1,1,105.575
45,0,0,1,11,1.108,110.80515,105.575,1,0,106.683
46,0,0,1,12,0.493,110.7046098,105.575,1,0,107.176
47,0,0,1,13,33.028,110.6205952,105.575,0,0,140.204
50,1,0,0,2,0.359,111.3085814,105.575,0,0,140.563
51,1,0,0,3,-33.912,111.9734545,105.575,1,0,106.651
